DebrisID,Mother,TimeSeconds,UTC,Distance_m,RelativeSpeed_mps
66,1,0,2030-11-14 08:00:00,20230.277949043,38.4994521559165
73,3,1134,2030-11-14 08:18:54,29995.9132240023,91.7037746806085
101,2,1774,2030-11-14 08:29:34,29961.290076242,86.1568299467055
341,3,3268,2030-11-14 08:54:28,29989.2901024457,60.6957251257119
178,3,3413,2030-11-14 08:56:53,29985.1043029988,88.0982607522746
64,1,5411,2030-11-14 09:30:11,29886.8809062753,145.386022389737
221,1,5618,2030-11-14 09:33:38,29911.0325653984,112.952579075746
305,2,5950,2030-11-14 09:39:10,29999.9308102011,103.577777811894
282,2,6511,2030-11-14 09:48:31,29983.5353177828,51.6897459462074
163,2,6788,2030-11-14 09:53:08,29983.9394370986,54.9102641219588
52,2,7409,2030-11-14 10:03:29,29971.7869691417,42.5583546718878
228,1,8605,2030-11-14 10:23:25,28459.4243876772,149.964669315673
231,3,9749,2030-11-14 10:42:29,29983.1854418498,80.6465819893917
222,3,10419,2030-11-14 10:53:39,29922.585913713,117.22017087245
267,3,10598,2030-11-14 10:56:38,29946.615549424,120.658876124596
303,1,11020,2030-11-14 11:03:40,29993.8117875068,116.918153425272
272,1,11502,2030-11-14 11:11:42,29934.5363497987,119.919377673847
296,1,12568,2030-11-14 11:29:28,29997.6979991314,46.3741808698298
164,3,13010,2030-11-14 11:36:50,29978.6004854357,45.9705793646989
106,2,13089,2030-11-14 11:38:09,29996.2145910994,60.2029141138886
17,2,13316,2030-11-14 11:41:56,29984.5312207036,48.6824635208491
150,2,13769,2030-11-14 11:49:29,29945.3907871114,126.008890092036
220,3,15049,2030-11-14 12:10:49,29898.1834093396,147.345421515829
192,3,16609,2030-11-14 12:36:49,29990.2996798249,62.1223717541994
237,1,17174,2030-11-14 12:46:14,29980.9627987115,54.8521704524332
206,1,17447,2030-11-14 12:50:47,29998.9925566246,70.263168262202
316,1,22849,2030-11-14 14:20:49,27856.7718126015,149.998963577261
136,1,23838,2030-11-14 14:37:18,29979.1020955682,47.5972108068687
174,2,24600,2030-11-14 14:50:00,24651.0479537499,126.827812694032
161,3,25616,2030-11-14 15:06:56,29979.3105007893,114.631503085446
152,1,26700,2030-11-14 15:25:00,29709.6096236007,53.8119108618473
22,3,27007,2030-11-14 15:30:07,29969.7256244391,109.794799531348
209,3,27075,2030-11-14 15:31:15,29940.5282461989,91.1101229205354
283,2,27384,2030-11-14 15:36:24,29951.1821851404,89.4090727152066
342,2,28259,2030-11-14 15:50:59,29947.5643504574,48.9616787743579
301,2,29129,2030-11-14 16:05:29,29983.3631047845,148.78080664572
271,3,30135,2030-11-14 16:22:15,29988.3045135209,83.0183356665277
155,1,33057,2030-11-14 17:10:57,29974.6782311305,118.545488067881
68,3,33163,2030-11-14 17:12:43,29904.7745786124,102.638248967827
265,1,33638,2030-11-14 17:20:38,29977.1308922449,97.7741106052961
57,2,34928,2030-11-14 17:42:08,29987.3550999444,123.957396622458
276,2,35070,2030-11-14 17:44:30,29972.6795949567,38.2483907997874
345,3,35096,2030-11-14 17:44:56,29986.6341447948,40.9385232061727
123,2,35130,2030-11-14 17:45:30,29987.9462839684,108.663390765371
91,3,38419,2030-11-14 18:40:19,29971.1610414651,55.0226170353703
172,1,38882,2030-11-14 18:48:02,29986.8965324404,49.8619824967487
157,1,39630,2030-11-14 19:00:30,29993.6510218141,114.399262306547
287,3,42253,2030-11-14 19:44:13,29972.8477131832,54.5093522406579
133,3,44410,2030-11-14 20:20:10,29987.0819357656,60.9648764409855
314,3,45460,2030-11-14 20:37:40,29886.72369251,143.274812713764
83,1,45992,2030-11-14 20:46:32,29978.638553844,132.658246848396
159,1,46242,2030-11-14 20:50:42,29973.8362664953,91.0205633702725
295,2,46800,2030-11-14 21:00:00,21902.5688686949,120.269534951543
119,3,49279,2030-11-14 21:41:19,29956.2852378215,63.4565900028889
225,1,50100,2030-11-14 21:55:00,24634.0407665136,66.1065255657827
181,2,50284,2030-11-14 21:58:04,29949.1258447478,99.3420218826971
180,2,50959,2030-11-14 22:09:19,29966.843453628,120.256324097477
299,3,53371,2030-11-14 22:49:31,29934.2343847475,111.944310078043
230,1,55253,2030-11-14 23:20:53,29976.2331649477,73.5291273359262
89,3,55348,2030-11-14 23:22:28,29977.6169435164,132.750005601409
204,3,55375,2030-11-14 23:22:55,29921.2695410372,89.6931037867749
141,3,55414,2030-11-14 23:23:34,29921.4939106021,104.472461909044
127,2,55434,2030-11-14 23:23:54,29971.3318902951,93.0616270995771
29,1,56105,2030-11-14 23:35:05,29997.3757915637,96.3846378947699
112,1,56133,2030-11-14 23:35:33,29932.3608890333,125.885269795884
223,2,56919,2030-11-14 23:48:39,29985.3195216204,113.373207627617
137,1,61270,2030-11-15 01:01:10,29948.1168681271,74.0078795479647
20,3,61447,2030-11-15 01:04:07,29978.6966136872,119.456425527705
24,3,61495,2030-11-15 01:04:55,29909.7272491841,130.034301422631
58,3,61633,2030-11-15 01:07:13,29920.2709932496,144.884997867454
99,3,61706,2030-11-15 01:08:26,29971.656202207,139.0959273114
277,3,61867,2030-11-15 01:11:07,29999.8798602042,63.0734639682698
259,1,62099,2030-11-15 01:14:59,29989.4637534074,123.71848080856
118,1,62422,2030-11-15 01:20:22,29998.1995118239,75.3896790903426
177,2,62725,2030-11-15 01:25:25,29943.0085972293,102.664333660706
308,2,62845,2030-11-15 01:27:25,29994.7218423226,146.424179487601
44,2,66610,2030-11-15 02:30:10,29970.1312136809,107.482545269507
97,2,66761,2030-11-15 02:32:41,29980.8335531795,99.9687300376453
109,3,67096,2030-11-15 02:38:16,29979.1243837857,30.5326657117138
92,3,67247,2030-11-15 02:40:47,29930.5869356771,124.874951567251
193,3,67369,2030-11-15 02:42:49,29901.1726836136,112.656292582399
208,1,67473,2030-11-15 02:44:33,29988.4394817913,71.8227712544601
257,3,67627,2030-11-15 02:47:07,29993.5746767269,121.67995720824
197,1,67730,2030-11-15 02:48:50,29940.7485765237,113.585879345836
128,1,67889,2030-11-15 02:51:29,29982.1590048824,76.1051886394725
115,1,67917,2030-11-15 02:51:57,29954.2066673097,85.2671666011845
143,1,68140,2030-11-15 02:55:40,29944.5824461695,118.117258505328
65,2,68951,2030-11-15 03:09:11,29984.7539385185,46.1326405110215
210,1,71100,2030-11-15 03:45:00,19937.5188705084,121.214738142559
214,1,71507,2030-11-15 03:51:47,29984.9831425355,26.5756339970186
154,1,71839,2030-11-15 03:57:19,29966.8716040995,66.0966831417303
241,2,72676,2030-11-15 04:11:16,27107.0132043105,149.991683764597
190,2,72698,2030-11-15 04:11:38,29993.7286542329,36.4913275667917
84,2,73086,2030-11-15 04:18:06,29972.1151861064,134.742775150294
107,2,73462,2030-11-15 04:24:22,29978.8879737468,108.918923185619
131,3,73797,2030-11-15 04:29:57,29997.9632429183,145.834632746673
85,3,73887,2030-11-15 04:31:27,29958.305191457,71.9884260401366
339,3,73967,2030-11-15 04:32:47,29983.3024459101,68.3920637561212
309,3,74623,2030-11-15 04:43:43,29955.7307589184,89.2833310336802
188,1,76404,2030-11-15 05:13:24,29983.6645851021,55.2033416740321
261,1,76495,2030-11-15 05:14:55,29970.9070331342,48.7551828905384
298,1,76996,2030-11-15 05:23:16,29998.7860369101,37.0031388695506
8,1,77697,2030-11-15 05:34:57,29993.7358294569,139.47227607888
47,2,78781,2030-11-15 05:53:01,29945.7821047756,101.79544553335
86,2,79130,2030-11-15 05:58:50,29939.9320358917,111.820177766315
343,3,79940,2030-11-15 06:12:20,29999.0849657048,65.3220858349032
10,3,81310,2030-11-15 06:35:10,29981.2082445942,117.465264266221
248,2,82428,2030-11-15 06:53:48,29930.8464648812,128.344420115758
60,1,82749,2030-11-15 06:59:09,29978.3664921796,36.2591508389066
302,1,84334,2030-11-15 07:25:34,29986.6785423655,123.535480428996
173,2,85723,2030-11-15 07:48:43,29930.8227692868,109.805335341903
162,3,86072,2030-11-15 07:54:32,29316.6464668654,149.993537067884
322,3,86253,2030-11-15 07:57:33,29951.4808542357,106.657329175591
