DateTime,x(m),y(m),z(m),vx(m/s),vy(m/s),vz(m/s)
--------------------------,---------------,----------------,----------------,------------,------------,------------
2030-11-14 08:00:00.000000,530360.886179,-1872077.472525,6843826.899451,-2022.780301,-7018.947521,-1700.566856
2030-11-14 08:01:00.000000,408023.465575,-2289227.730545,6728267.477560,-2053.780151,-6881.500232,-2150.037438
2030-11-14 08:02:15.557403,251727.567749,-2801452.989393,6544829.982225,-2081.191898,-6670.043749,-2702.836725
2030-11-14 08:03:28.702348,98909.013776,-3280635.892563,6328071.167285,-2095.273101,-6425.900067,-3220.937976
2030-11-14 08:04:42.242913,-55319.493652,-3743020.297962,6072650.449613,-2097.035074,-6142.923472,-3721.867576
2030-11-14 08:05:55.776838,-209207.492835,-4183227.482300,5781244.918438,-2086.402640,-5824.172568,-4199.819765
2030-11-14 08:07:09.361736,-361966.198056,-4599019.504220,5455384.648171,-2063.463200,-5471.382681,-4652.387371
2030-11-14 08:08:22.987163,-512671.716994,-4987880.157170,5097042.976116,-2028.376997,-5086.751296,-5076.863567
2030-11-14 08:09:36.650797,-660430.378811,-5347508.067510,4708358.204744,-1981.377088,-4672.629077,-5470.775555
2030-11-14 08:10:50.350950,-804368.462188,-5675783.447275,4291646.307553,-1922.767377,-4231.533322,-5831.847937
2030-11-14 08:12:04.081205,-943627.416524,-5970759.120916,3849418.011633,-1852.925258,-3766.164730,-6157.991863
2030-11-14 08:13:17.835039,-1077379.088020,-6230698.452981,3384340.162043,-1772.296837,-3279.365073,-6447.345535
2030-11-14 08:14:31.601932,-1204824.635754,-6454075.631416,2899243.527198,-1681.398526,-2774.124134,-6698.273162
2030-11-14 08:15:45.368817,-1325203.936887,-6639598.438166,2397097.754043,-1580.813521,-2253.552115,-6909.388582
2030-11-14 08:16:59.106872,-1437782.684245,-6786200.155392,1881085.431594,-1471.208949,-1720.954598,-7079.543091
2030-11-14 08:18:12.774136,-1541870.132247,-6893091.325745,1354570.066449,-1353.334682,-1179.796588,-7207.879530
2030-11-14 08:19:26.283657,-1636793.816142,-6959780.090802,821303.690685,-1228.078250,-633.912180,-7293.845797
2030-11-14 08:20:39.439200,-1721864.364551,-6986191.183455,285872.213862,-1096.593723,-87.951219,-7337.305285
2030-11-14 08:21:53.828247,-1798271.761662,-6972088.289377,-260250.772605,-956.698319,466.774952,-7338.331184
2030-11-14 08:23:08.045771,-1863926.708948,-6917010.738520,-803583.227553,-811.732024,1016.569991,-7296.117436
2030-11-14 08:24:22.742130,-1918966.061394,-6820615.014883,-1345643.983216,-661.259806,1563.012521,-7210.415000
2030-11-14 08:25:37.428257,-1962616.977349,-6683780.879417,-1879630.418766,-507.116758,2099.290189,-7082.014371
2030-11-14 08:26:52.170805,-1994665.738604,-6507219.723810,-2402848.812442,-350.073014,2622.769861,-6911.638935
2030-11-14 08:28:06.955919,-2014909.374625,-6291986.788657,-2912086.352802,-191.074731,3130.315040,-6700.347714
2030-11-14 08:29:21.779804,-2023222.664726,-6039354.799641,-3404286.646606,-31.055928,3618.964570,-6449.420197
2030-11-14 08:30:36.636136,-2019552.421792,-5750831.842297,-3876479.955701,129.041016,4085.860265,-6160.371564
2030-11-14 08:31:51.517495,-2003919.265585,-5428151.016016,-4325813.227715,288.273916,4528.274333,-5834.941470
2030-11-14 08:33:06.415083,-1976418.314313,-5073262.770468,-4749568.112439,445.705801,4943.624468,-5475.085740
2030-11-14 08:34:21.318657,-1937219.501063,-4688325.007467,-5145180.264242,600.410456,5329.489982,-5082.966226
2030-11-14 08:35:36.216618,-1886567.297517,-4275690.661533,-5510258.937201,751.478304,5683.628031,-4660.938574
2030-11-14 08:36:51.093245,-1824782.351761,-3837910.363917,-5842593.659593,898.016777,6003.977322,-4211.556001
2030-11-14 08:38:05.933552,-1752256.967819,-3377690.162103,-6140196.287286,1039.165980,6288.696056,-3737.527566
2030-11-14 08:39:20.715811,-1669460.271151,-2897919.336626,-6401288.424756,1174.090505,6536.147360,-3241.748970
2030-11-14 08:40:35.414266,-1576935.425941,-2401638.429818,-6624337.577106,1301.992074,6744.932134,-2727.272675
2030-11-14 08:41:49.995713,-1475302.355338,-1892042.069407,-6808070.932291,1422.111559,6913.900922,-2197.314462
2030-11-14 08:43:04.410197,-1365270.761915,-1372522.805617,-6951488.848895,1533.724986,7042.167269,-1655.303729
2030-11-14 08:44:18.580641,-1247659.057636,-846722.204313,-7053906.234107,1636.145440,7129.149919,-1104.943123
2030-11-14 08:45:32.370403,-1123454.240821,-318732.487700,-7115014.319810,1728.708029,7174.640831,-550.428549
2030-11-14 08:46:45.466620,-994035.426195,206113.239651,-7135046.587525,1810.694256,7178.996572,2.703816
2030-11-14 08:48:00.882979,-854621.260501,746361.907353,-7113288.409402,1884.652977,7140.887003,574.169396
2030-11-14 08:49:15.856418,-710913.587512,1278979.955379,-7049012.167676,1947.019883,7060.199898,1139.779556
2030-11-14 08:50:30.780373,-563058.672800,1803614.863551,-6942611.049256,1997.830942,6937.253079,1699.223747
2030-11-14 08:51:45.588756,-412074.207358,2316687.353108,-6794873.751124,2036.740501,6772.847794,2248.748372
2030-11-14 08:53:00.281323,-258868.661624,2815167.500370,-6606789.989446,2063.528265,6567.963040,2785.150810
2030-11-14 08:54:14.849191,-104378.237568,3296066.624024,-6379610.806130,2078.040230,6323.835415,3305.237938
2030-11-14 08:55:29.285988,50461.402457,3756533.164228,-6114820.538556,2080.196710,6041.932139,3805.927643
2030-11-14 08:56:43.584895,204715.175609,4193850.739755,-5814133.151952,2069.992154,5723.951696,4284.246546
2030-11-14 08:57:57.741557,357460.612462,4605471.868752,-5479468.046692,2047.495239,5371.802608,4737.367317
2030-11-14 08:59:11.749710,507784.699789,4989007.956431,-5112954.323946,2012.849655,4987.612197,5162.599033
2030-11-14 09:00:25.606192,654799.888576,5342270.851152,-4716892.919451,1966.272051,4573.690710,5557.435079
2030-11-14 09:01:39.306386,797640.375966,5663261.357965,-4293762.150735,1908.052954,4132.540678,5919.543320
2030-11-14 09:02:52.846295,935471.782024,5950192.245825,-3846191.149034,1838.554718,3666.832042,6246.795078
2030-11-14 09:04:06.221010,1067493.595397,6201492.978889,-3376951.215474,1758.211160,3179.395405,6537.274307
2030-11-14 09:05:19.424012,1192943.481894,6415819.556329,-2888943.241980,1667.526846,2673.210430,6789.292768
2030-11-14 09:06:32.442958,1311096.415828,6592057.681035,-2385209.008936,1567.081231,2151.418177,7001.397187
2030-11-14 09:07:45.259003,1421271.594857,6729343.624491,-1868919.767798,1457.529582,1617.308945,7172.396539
2030-11-14 09:08:57.835691,1522826.222642,6827074.963521,-1343437.081135,1339.620411,1074.383895,7301.375200
2030-11-14 09:10:10.091328,1615137.792248,6884947.247849,-812496.814107,1214.247761,526.542158,7387.728331
2030-11-14 09:11:21.821566,1697555.402694,6903080.236932,-280758.713942,1082.609317,-21.358365,7431.277341
2030-11-14 09:12:34.738970,1771416.271194,6881181.334459,261406.304031,942.233387,-579.150837,7432.055309
2030-11-14 09:13:47.349039,1834580.412352,6819029.885532,799753.118392,796.698851,-1132.073785,7389.109825
2030-11-14 09:15:00.257857,1887187.973864,6716421.494603,1335582.445418,645.662494,-1681.362734,7302.221990
2030-11-14 09:16:13.042541,1928571.128920,6574358.991431,1862599.667189,490.888598,-2220.454397,7172.154375
2030-11-14 09:17:25.774898,1958554.732669,6393639.976912,2378228.594927,333.173400,-2746.608178,6999.634369
2030-11-14 09:18:38.455873,1976976.384443,6175374.356688,2879443.164369,173.476491,-3256.629815,6785.726168
2030-11-14 09:19:51.096241,1983743.905761,5920859.742986,3363374.440418,12.747471,-3747.496976,6531.722675
2030-11-14 09:21:03.704292,1978829.653971,5631601.224433,3827237.858409,-148.053682,-4216.288187,6239.162429
2030-11-14 09:22:16.288357,1962271.706708,5309296.949953,4268366.192006,-307.968125,-4660.219383,5909.813708
2030-11-14 09:23:28.855381,1934174.112441,4955835.561741,4684215.761505,-466.041077,-5076.652804,5545.669816
2030-11-14 09:24:41.411669,1894706.768134,4573284.132265,5072386.421846,-621.329588,-5463.119304,5148.934317
2030-11-14 09:25:53.962302,1844105.231113,4163880.760423,5430633.085379,-772.907361,-5817.331550,4722.010677
2030-11-14 09:27:06.510988,1782670.251826,3730024.466131,5756879.979512,-919.870566,-6137.199403,4267.488941
2030-11-14 09:28:19.058354,1710768.638942,3274273.912399,6049228.825525,-1061.340672,-6420.838836,3788.141616
2030-11-14 09:29:31.603935,1628830.622420,2799322.611237,6305983.520021,-1196.474814,-6666.596446,3286.894900
2030-11-14 09:30:44.142024,1537353.135142,2308011.349071,6525651.255309,-1324.464540,-6873.050657,2766.839183
2030-11-14 09:31:56.660312,1436901.574888,1803323.958781,6706961.891264,-1444.541546,-7039.030720,2231.222456
2030-11-14 09:33:09.140988,1328107.621197,1288362.761121,6848895.319361,-1555.988289,-7163.642734,1683.422376
2030-11-14 09:34:21.545937,1211691.459466,766434.217287,6950686.126284,-1658.126601,-7246.276625,1127.036030
2030-11-14 09:35:33.795284,1088502.614464,241182.909388,7011872.375804,-1750.310489,-7286.660692,566.022902
2030-11-14 09:36:45.696769,959657.818841,-282929.241221,7032414.045225,-1831.886441,-7285.002957,5.219425
2030-11-14 09:37:59.109399,822449.049849,-816366.726381,7011794.357189,-1904.254386,-7240.371705,-566.543852
2030-11-14 09:39:12.357006,680669.344450,-1343766.138749,6949522.292035,-1965.063562,-7152.996878,-1132.784009
2030-11-14 09:40:25.681735,534707.299491,-1863759.077707,6845902.312294,-2014.207105,-7023.322634,-1691.997146
2030-11-14 09:41:39.049070,385492.704700,-2373014.393970,6701563.949286,-2051.377587,-6852.216037,-2240.580253
2030-11-14 09:42:52.463835,233898.701876,-2868548.053378,6517347.142578,-2076.373453,-6640.745992,-2775.307559
2030-11-14 09:44:05.925011,80824.118961,-3347417.118683,6294338.803665,-2089.063416,-6390.232839,-3293.001787
2030-11-14 09:45:19.431803,-72824.033323,-3806780.900625,6033858.276331,-2089.391206,-6102.229234,-3790.599660
2030-11-14 09:46:32.982603,-226133.957329,-4243911.824288,5737452.759125,-2077.375572,-5778.513611,-4265.163216
2030-11-14 09:47:46.577174,-378199.209954,-4656225.141121,5406879.011693,-2053.109530,-5421.068808,-4713.911523
2030-11-14 09:49:00.212974,-528116.641694,-5041273.488504,5044108.027670,-2016.760359,-5032.085895,-5134.214165
2030-11-14 09:50:13.886903,-674995.749799,-5396774.056429,4651307.740475,-1968.568746,-4613.944055,-5523.620041
2030-11-14 09:51:27.595756,-817965.242543,-5720625.599688,4230827.327949,-1908.846859,-4169.192619,-5879.875160
2030-11-14 09:52:41.334388,-956175.134963,-6010914.630448,3785193.454774,-1837.977882,-3700.545848,-6200.928479
2030-11-14 09:53:55.095103,-1088801.720702,-6265929.616804,3317100.613284,-1756.415197,-3210.871339,-6484.946298
2030-11-14 09:55:08.866867,-1215052.648636,-6484175.642692,2829401.534265,-1664.681637,-2703.178528,-6730.326972
2030-11-14 09:56:22.634104,-1334171.892544,-6664389.558379,2325099.164098,-1563.369200,-2180.608845,-6935.715908
2030-11-14 09:57:36.369600,-1445437.064786,-6805548.076619,1807378.823292,-1453.147862,-1646.467226,-7100.011735
2030-11-14 09:58:50.024820,-1548158.417912,-6906894.551958,1279660.905170,-1334.782213,-1104.273716,-7222.391432
2030-11-14 10:00:03.505833,-1641668.505034,-6967987.941817,745755.449988,-1209.176841,-557.917775,-7302.355634
2030-11-14 10:01:16.588150,-1725266.340484,-6988827.088768,210456.799571,-1077.543016,-12.256782,-7339.840249
2030-11-14 10:02:30.998636,-1800269.636635,-6969085.957457,-335788.433259,-937.436211,542.441956,-7334.851819
2030-11-14 10:03:45.217269,-1864493.015287,-6908411.814209,-878649.128745,-792.409385,1091.622416,-7286.674930
2030-11-14 10:04:59.925257,-1918097.838217,-6806427.800523,-1419866.389064,-641.968094,1637.089792,-7195.030703
2030-11-14 10:06:14.620720,-1960318.011823,-6664093.707895,-1952551.630552,-487.972173,2171.947913,-7060.790623
2030-11-14 10:07:29.372078,-1990948.448674,-6482146.763967,-2474030.821124,-331.186941,2693.585381,-6884.704238
2030-11-14 10:08:44.164692,-2009794.729876,-6261677.719259,-2981096.360534,-172.558214,3198.872674,-6667.866158
2030-11-14 10:09:58.995280,-2016740.358696,-6003989.855401,-3470708.567825,-13.016323,3684.866710,-6411.586260
2030-11-14 10:11:13.856597,-2011740.598590,-5710625.751458,-3939907.741908,146.497623,4148.720338,-6117.413775
2030-11-14 10:12:28.741853,-1994824.392222,-5383346.192172,-4385863.549750,305.046631,4587.728929,-5787.115427
2030-11-14 10:13:43.641833,-1966094.971610,-5024131.882025,-4805876.338148,461.697281,4999.328893,-5422.676548
2030-11-14 10:14:58.546187,-1925730.104018,-4635168.237374,-5197404.989095,615.528141,5381.122257,-5026.285702
2030-11-14 10:16:13.442089,-1873982.606768,-4218840.280765,-5558079.276630,765.632748,5730.885846,-4600.329991
2030-11-14 10:17:28.314702,-1811179.835892,-3777717.459623,-5885722.495397,911.126529,6046.590484,-4147.380679
2030-11-14 10:18:43.148096,-1737721.631271,-3314532.438275,-6178373.875553,1051.154473,6326.419902,-3670.173080
2030-11-14 10:19:57.919184,-1654085.124846,-2832202.338426,-6434285.069068,1184.886164,6568.765106,-3171.630810
2030-11-14 10:21:12.603082,-1560818.568796,-2333778.494055,-6651964.239671,1311.533024,6772.264721,-2654.817059
2030-11-14 10:22:27.163286,-1458551.742753,-1822491.195134,-6830170.487857,1430.339417,6935.798779,-2122.984658
2030-11-14 10:23:41.547409,-1348003.549762,-1301760.717274,-6967946.913088,1540.588277,7058.520814,-1579.592616
2030-11-14 10:24:55.672311,-1230007.493669,-775278.403962,-7064655.721284,1641.597047,7139.894785,-1028.397193
2030-11-14 10:26:09.388041,-1105579.111539,-247233.302950,-7120050.427118,1732.701481,7179.774423,-473.698781
2030-11-14 10:27:22.336228,-976186.860252,276722.606733,-7134471.751826,1813.161527,7178.630077,78.625028
2030-11-14 10:28:37.751587,-836641.700774,816723.375612,-7106990.042600,1885.706452,7134.869053,649.969046
2030-11-14 10:29:52.707199,-692942.729563,1348554.252578,-7037070.469096,1946.645750,7048.600998,1214.892952
2030-11-14 10:31:07.614113,-545202.818376,1871993.910471,-6925106.081111,1996.033473,6920.137835,1773.222526
2030-11-14 10:32:22.403824,-394443.350583,2383455.233223,-6771926.800246,2033.531409,6750.320656,2321.192184
2030-11-14 10:33:37.076567,-241570.188823,2879923.047271,-6578554.831324,2058.927757,6540.159538,2855.611176
2030-11-14 10:34:51.623231,-87517.637853,3358421.315838,-6346274.682514,2072.076775,6290.923902,3373.295787
2030-11-14 10:36:06.038308,66783.466070,3816120.388728,-6076598.972405,2072.907008,6004.108989,3871.183265
2030-11-14 10:37:20.314455,220400.653910,4250319.293103,-5771272.875603,2061.420809,5681.445194,4346.312584
2030-11-14 10:38:34.447516,372416.163612,4658492.602790,-5432242.768395,2037.694627,5324.869178,4795.876126
2030-11-14 10:39:48.431370,521922.174469,5038275.415358,-5061662.975996,2001.879673,4936.535258,5217.204739
2030-11-14 10:41:02.262902,668036.660590,5387504.429894,-4661857.793242,1954.199803,4518.779362,5607.815225
2030-11-14 10:42:15.938043,809900.814672,5704209.083088,-4235323.819044,1894.952006,4074.124964,5965.403552
2030-11-14 10:43:29.452907,946686.793930,5986629.759993,-3784708.165267,1824.504851,3605.263117,6287.868573
2030-11-14 10:44:42.801093,1077598.213962,6233219.707892,-3312808.280291,1743.299811,3115.054372,6573.317839
2030-11-14 10:45:55.976269,1201880.602587,6442667.413062,-2822538.781961,1651.847262,2606.495651,6820.097166
2030-11-14 10:47:08.966630,1318817.768281,6613892.880975,-2316949.803855,1550.731323,2082.739846,7026.790146
2030-11-14 10:48:21.749216,1427731.282218,6746059.652828,-1799251.028384,1440.618324,1547.120218,7192.234318
2030-11-14 10:49:34.285173,1527985.526552,6838605.056618,-1272828.918453,1322.266142,1003.166657,7315.557245
2030-11-14 10:50:46.484971,1618961.076355,6891270.813295,-741480.888834,1196.587960,454.844509,7396.203166
2030-11-14 10:51:58.110425,1699989.155590,6904251.109742,-210116.600850,1064.851223,-92.728789,7434.065287
2030-11-14 10:53:11.026275,1772546.293013,6877144.655668,332031.273901,924.292671,-650.557607,7429.110580
2030-11-14 10:54:23.615347,1834387.949017,6809845.060340,869801.857790,778.723765,-1202.933679,7380.474100
2030-11-14 10:55:36.512565,1885678.230591,6702118.097567,1404709.352214,627.745030,-1751.310947,7287.916591
2030-11-14 10:56:49.286058,1925756.537608,6555033.139348,1930400.998229,473.138861,-2289.065158,7152.273781
2030-11-14 10:58:02.009070,1954454.767828,6369408.688818,2444318.734210,315.697512,-2813.473901,6974.299618
2030-11-14 10:59:14.682080,1971617.504732,6146383.148281,2943443.644851,156.379860,-3321.350353,6755.092571
2030-11-14 11:00:27.315714,1977159.501407,5887280.873031,3424918.167323,-3.866507,-3809.684456,6495.977907
2030-11-14 11:01:39.918779,1971059.870215,5593630.301723,3885975.432349,-164.085769,-4275.573892,6198.522851
2030-11-14 11:02:52.498948,1953363.247901,5267156.413518,4323960.224057,-323.321297,-4716.248432,5864.527534
2030-11-14 11:04:05.063540,1924179.904453,4909769.361901,4736349.264954,-480.623420,-5129.092998,5496.011297
2030-11-14 11:05:17.618645,1883685.788581,4523558.994551,5120760.987662,-635.053601,-5511.659593,5095.204562
2030-11-14 11:06:30.168323,1832122.939186,4110789.779537,5474967.110069,-785.688903,-5861.680579,4664.540950
2030-11-14 11:07:42.716693,1769797.478032,3673877.946339,5796918.121387,-931.632490,-6177.095099,4206.630639
2030-11-14 11:08:55.264360,1697081.398688,3215399.836381,6084741.282568,-1072.012439,-6456.047769,3724.266207
2030-11-14 11:10:07.808143,1614412.897113,2738082.657320,6336758.780852,-1205.988113,-6696.907023,3220.410352
2030-11-14 11:11:20.346493,1522288.614041,2244753.646598,6551521.786863,-1332.766534,-6898.297691,2698.139600
2030-11-14 11:12:32.863705,1421281.993129,1738430.881470,6727780.548936,-1451.581629,-7059.072922,2160.738102
2030-11-14 11:13:45.338937,1312033.161915,1222247.836127,6864544.429124,-1561.720562,-7178.371872,1611.616192
2030-11-14 11:14:57.730240,1195272.613110,699545.882412,6961085.503637,-1662.511059,-7255.625805,1054.407435
2030-11-14 11:16:09.952293,1071863.440289,174012.621637,7016990.586721,-1753.314330,-7290.616119,493.116301
2030-11-14 11:17:21.778732,942988.814627,-349644.845833,7032290.593011,-1833.459767,-7283.635328,-67.159437
2030-11-14 11:18:35.212359,805675.023750,-882935.601275,7006355.148871,-1904.471283,-7233.591082,-638.708133
2030-11-14 11:19:48.467433,663915.065868,-1409695.931896,6938815.341955,-1963.913730,-7140.872869,-1204.193577
2030-11-14 11:21:01.801802,518068.013810,-1928674.335429,6829985.185563,-2011.699618,-7005.929944,-1762.238935
2030-11-14 11:22:15.178856,369066.989225,-2436530.869017,6680529.298635,-2047.528687,-6829.665851,-2309.233855
2030-11-14 11:23:28.603420,217783.887633,-2930289.810932,6491317.917960,-2071.207511,-6613.180132,-2841.963578
2030-11-14 11:24:42.074294,65116.061338,-3407017.731210,6263468.458340,-2082.612810,-6357.823736,-3357.263132
2030-11-14 11:25:55.591188,-88032.958398,-3863889.985390,5998327.482518,-2081.696113,-6065.176101,-3852.088576
2030-11-14 11:27:09.151712,-240752.758427,-4298189.196468,5697472.860372,-2068.483669,-5737.046095,-4323.514891
2030-11-14 11:28:22.755376,-392139.944009,-4707346.653345,5362689.530300,-2043.075906,-5375.444025,-4768.780298
2030-11-14 11:29:36.400175,-541296.605379,-5088937.426056,4995971.560648,-2005.646851,-4982.582776,-5185.280376
2030-11-14 11:30:50.082066,-687335.035149,-5440695.421952,4599515.597308,-1956.444248,-4560.869259,-5570.583631
2030-11-14 11:32:03.799323,-829392.026751,-5760549.412505,4175684.688869,-1895.785235,-4112.864625,-5922.470066
2030-11-14 11:33:17.544666,-966619.195245,-6046601.735603,3727037.934304,-1824.060340,-3641.314494,-6238.906825
2030-11-14 11:34:31.312330,-1098202.621732,-6297175.118792,3256276.224508,-1741.726140,-3149.090277,-6518.098480
2030-11-14 11:35:45.088688,-1223352.074938,-6510794.587759,2766284.877192,-1649.312959,-2639.232567,-6758.465458
2030-11-14 11:36:58.857544,-1341318.136974,-6686227.818540,2260085.508771,-1547.418121,-2114.899171,-6958.686891
2030-11-14 11:38:12.589562,-1451383.729129,-6822483.041338,1740890.259342,-1436.718816,-1579.419663,-7117.695307
2030-11-14 11:39:26.231008,-1552862.091982,-6918838.723100,1212166.229784,-1317.992027,-1036.358819,-7234.704464
2030-11-14 11:40:39.680584,-1645089.951862,-6974902.780712,677783.261646,-1192.159494,-489.663587,-7309.265637
2030-11-14 11:41:52.687606,-1727357.124368,-6990748.955205,142727.870415,-1060.485301,55.617408,-7341.388506
2030-11-14 11:43:07.113915,-1801102.267426,-6965952.842107,-403547.838048,-920.272439,610.227782,-7331.002679
2030-11-14 11:44:21.336622,-1864055.201452,-6900262.717103,-945953.878740,-775.261426,1158.842648,-7277.478849
2030-11-14 11:45:36.054907,-1916389.385367,-6793273.732123,-1486359.260984,-624.923331,1703.397979,-7180.511222
2030-11-14 11:46:50.759023,-1957348.178173,-6646016.093494,-2017825.607364,-471.132188,2236.949860,-7041.043238
2030-11-14 11:48:05.518377,-1986733.671772,-6459250.882663,-2537692.473520,-314.649850,2756.902173,-6859.848428
2030-11-14 11:49:20.318226,-2004359.147237,-6234099.008305,-3042761.370698,-156.420134,3260.135930,-6638.051598
2030-11-14 11:50:35.154874,-2010115.515108,-5971893.639543,-3530001.975645,2.628478,3743.718487,-6376.992240
2030-11-14 11:51:50.021024,-2003965.501863,-5674205.660821,-3996469.005785,161.558044,4204.817804,-6078.247439
2030-11-14 11:53:04.910001,-1985945.222308,-5342822.130993,-4439349.847349,319.435615,4640.747209,-5743.609555
2030-11-14 11:54:19.811465,-1956165.321753,-4979754.746293,-4855957.989649,475.329743,5048.956181,-5375.094247
2030-11-14 11:55:34.715246,-1914810.507036,-4587212.959875,-5243775.816497,628.324255,5427.069597,-4974.913372
2030-11-14 11:56:49.609251,-1862139.597793,-4167600.462544,-5600461.045154,777.519515,5772.891006,-4545.471863
2030-11-14 11:58:04.478284,-1798486.077393,-3723509.007899,-5923861.114513,922.035959,6084.413838,-4089.362632
2030-11-14 11:59:19.304582,-1724257.181282,-3257701.196288,-6212036.431117,1061.021378,6359.841321,-3609.350753
2030-11-14 12:00:34.066004,-1639934.597734,-2773105.314520,-6463274.041293,1193.654043,6597.597352,-3108.370616
2030-11-14 12:01:48.735501,-1546074.072374,-2272801.220360,-6676109.101714,1319.149049,6796.345286,-2589.514504
2030-11-14 12:03:03.275033,-1443312.365706,-1760042.018350,-6849335.485357,1436.756797,6954.997341,-2056.059023
2030-11-14 12:04:17.629095,-1332377.640255,-1238279.076703,-6982034.134851,1545.765388,7072.742475,-1511.496265
2030-11-14 12:05:31.714027,-1214108.643506,-711212.964823,-7073617.290155,1645.503192,7149.091678,-959.593524
2030-11-14 12:06:45.357233,-1089563.413093,-183195.247995,-7123885.587903,1735.293196,7183.947450,-404.824294
2030-11-14 12:07:58.586914,-959515.869669,342904.959934,-7133229.922321,1814.815101,7177.744795,149.868432
2030-11-14 12:09:13.945394,-820002.909196,882233.661257,-7100419.719217,1885.992808,7128.737472,720.624431
2030-11-14 12:10:28.891817,-676349.312233,1413344.423680,-7025234.571799,1945.618792,7037.262007,1284.914065
2030-11-14 12:11:43.781256,-528770.000082,1935620.057863,-6908091.192180,1993.693670,6903.664228,1842.142096
2030-11-14 12:12:58.553223,-378269.851951,2445539.346565,-6749848.687204,2029.894528,6728.810935,2388.609495
2030-11-14 12:14:13.206773,-225755.216061,2940089.838065,-6551562.115242,2054.016366,6513.744172,2921.124810
2030-11-14 12:15:27.733672,-72156.100529,3416314.648075,-6314543.948174,2065.921292,6259.760556,3436.521060
2030-11-14 12:16:42.127338,81597.562440,3871392.969350,-6040339.226993,2065.545164,5968.388032,3931.741019
2030-11-14 12:17:56.382108,234580.481883,4302651.768528,-5730714.270676,2052.897577,5641.378397,4403.849981
2030-11-14 12:19:10.492427,385876.268009,4707577.022704,-5387646.681019,2028.062202,5280.701102,4850.048771
2030-11-14 12:20:24.453505,534584.610000,5083832.639840,-5013308.510298,1991.196639,4888.529670,5267.696020
2030-11-14 12:21:38.262621,679829.433087,5429279.475583,-4610042.890745,1942.530682,4467.221053,5654.331648
2030-11-14 12:22:51.913750,820753.806324,5741962.562682,-4180376.974294,1882.368849,4019.332477,6007.665475
2030-11-14 12:24:05.403448,956537.028429,6020151.394880,-3726973.814249,1811.085590,3547.573889,6325.625734
2030-11-14 12:25:18.727465,1086393.172889,6262334.277409,-3252632.583925,1729.125555,3054.810322,6606.356913
2030-11-14 12:26:31.875575,1209567.937487,6467216.170617,-2760306.344427,1637.008631,2544.081547,6848.220759
2030-11-14 12:27:44.838894,1325357.654124,6633756.609869,-2253036.719431,1535.320111,2018.534659,7049.844185
2030-11-14 12:28:57.590833,1433086.380024,6761144.320988,-1734067.062136,1424.735747,1481.540847,7210.091347
2030-11-14 12:30:10.087503,1532121.326215,6848849.918105,-1206826.792216,1306.026214,936.677276,7328.125259
2030-11-14 12:31:22.233673,1621848.790727,6896662.891207,-675158.824488,1180.119862,387.958791,7403.441678
2030-11-14 12:32:34.426829,1702283.549316,6904743.585012,-139243.462004,1047.089316,-164.365615,7436.111250
2030-11-14 12:33:47.237898,1773443.588288,6872486.983310,402065.909741,906.563271,-721.384794,7425.450518
2030-11-14 12:34:59.825015,1833994.038361,6800061.944847,939350.765152,760.940193,-1273.306271,7371.153501
2030-11-14 12:36:12.708120,1883980.496893,6687259.996506,1473270.013273,610.041034,-1820.702652,7272.972833
2030-11-14 12:37:25.471171,1922770.802477,6535194.585566,1997597.078545,455.616549,-2357.078160,7131.801344
2030-11-14 12:38:38.184894,1950201.066770,6344710.855953,2509763.262327,298.463103,-2879.699164,6948.424437
2030-11-14 12:39:50.850322,1966123.236305,6116973.136938,3006764.235443,139.536601,-3385.393945,6723.972364
2030-11-14 12:41:03.477820,1970458.740869,5853332.197872,3485753.066052,-20.217241,-3871.164014,6459.802311
2030-11-14 12:42:16.075921,1963193.357995,5555342.616168,3943975.600249,-179.845078,-4334.121230,6157.512928
2030-11-14 12:43:28.652791,1944378.075794,5224751.274455,4378796.049159,-338.395080,-4771.516740,5818.931115
2030-11-14 12:44:41.214628,1914129.723944,4863496.491341,4787702.865512,-494.919487,-5180.749482,5446.108994
2030-11-14 12:45:53.769140,1872629.428767,4473681.498828,5168343.463891,-648.488158,-5559.403046,5041.294056
2030-11-14 12:47:06.318282,1820126.064214,4057602.303072,5518500.406034,-798.179218,-5905.223543,4606.955320
2030-11-14 12:48:18.867145,1756930.534716,3617688.661177,5836152.979930,-943.103960,-6216.181894,4145.719145
2030-11-14 12:49:31.415855,1683420.226691,3156536.914446,6119451.744071,-1082.396100,-6490.449133,3660.400510
2030-11-14 12:50:43.961241,1600037.952831,2676889.571151,6366746.172592,-1215.222161,-6726.424066,3153.979085
2030-11-14 12:51:56.497650,1507289.938738,2181615.390132,6576604.891266,-1340.789763,-6922.752788,2629.575679
2030-11-14 12:53:09.012019,1405750.851134,1673726.780365,6747820.462678,-1458.346408,-7078.333355,2090.468420
2030-11-14 12:54:21.482653,1296065.544070,1156371.938097,6879434.782492,-1567.187066,-7192.340407,1540.082721
2030-11-14 12:55:33.860539,1178979.246326,632949.410906,6970750.330467,-1666.640215,-7264.240130,982.112198
2030-11-14 12:56:46.049855,1055377.503364,107226.177258,7021402.171330,-1756.068731,-7293.868046,420.645131
2030-11-14 12:57:57.983318,926156.634750,-417253.336225,7031479.248262,-1834.986401,-7281.526592,-140.466693
2030-11-14 12:59:11.411553,788791.975999,-950149.453070,7000177.836609,-1904.604978,-7226.026916,-711.534394
2030-11-14 13:00:24.677947,647050.615983,-1476238.849360,6927318.126592,-1962.675102,-7127.911612,-1276.230543
2030-11-14 13:01:38.021635,501326.061145,-1994137.112728,6813233.472670,-2009.094751,-6987.655999,-1833.037727
2030-11-14 13:02:51.408330,352546.259614,-2500527.808794,6658620.606030,-2043.574690,-6806.195595,-2378.372928
2030-11-14 13:04:04.842866,201581.768042,-2992443.858328,6464379.856720,-2065.929542,-6584.660326,-2909.032775
2030-11-14 13:05:18.323672,49328.792770,-3466960.382819,6231659.616119,-2076.043937,-6324.432257,-3421.863574
2030-11-14 13:06:31.850269,-103311.219616,-3921264.934749,5961836.387946,-2073.877256,-6027.120548,-3913.836546
2030-11-14 13:07:45.420777,-255431.988467,-4352658.797656,5656514.175492,-2059.463252,-5694.559438,-4382.048770
2030-11-14 13:08:59.034121,-406132.518467,-4758587.319921,5317506.903841,-2032.909613,-5328.787596,-4823.755476
2030-11-14 13:10:12.688165,-554518.817216,-5136644.722167,4946834.801320,-1994.397348,-4932.043012,-5236.374639
2030-11-14 13:11:26.379902,-699709.930839,-5484591.477660,4546712.666725,-1944.179957,-4506.749042,-5617.505123
2030-11-14 13:12:40.105711,-840844.110394,-5800370.773749,4119535.670262,-1882.581839,-4055.498026,-5964.943797
2030-11-14 13:13:53.859509,-977081.032138,-6082115.731013,3667876.389138,-1809.998181,-3581.046851,-6276.692390
2030-11-14 13:15:07.632953,-1107608.389628,-6328167.276342,3194470.090344,-1726.893429,-3086.300041,-6550.975872
2030-11-14 13:16:21.413154,-1231644.421053,-6537084.116238,2702214.344581,-1633.802195,-2574.307916,-6786.251859
2030-11-14 13:17:35.184010,-1348447.402173,-6707666.139911,2194143.878752,-1531.325892,-2048.238923,-6981.234774
2030-11-14 13:18:48.911629,-1457301.892184,-6838948.353326,1673514.167262,-1420.152300,-1511.464323,-7134.885500
2030-11-14 13:20:02.540094,-1557528.741235,-6930250.513376,1143817.387290,-1301.066163,-967.571306,-7246.461662
2030-11-14 13:21:15.959089,-1648466.617700,-6981227.455638,608994.186707,-1175.008691,-420.575650,-7315.562630
2030-11-14 13:22:29.208260,-1729727.211219,-6991992.031891,71898.397105,-1042.712070,126.647109,-7342.300712
2030-11-14 13:23:43.606326,-1802119.891781,-6961936.275675,-474028.444005,-902.458756,680.775017,-7326.295940
2030-11-14 13:24:57.836513,-1863756.113307,-6891023.355905,-1015933.028131,-757.444841,1228.768763,-7267.211117
2030-11-14 13:26:12.564639,-1914768.727208,-6778830.150946,-1555435.126198,-607.202511,1772.311841,-7164.712874
2030-11-14 13:27:27.277555,-1954415.212737,-6626456.898116,-2085580.248352,-453.611432,2304.446807,-7019.817036
2030-11-14 13:28:42.045103,-1982504.613330,-6434689.909868,-2603718.036071,-297.431080,2822.589324,-6833.322363
2030-11-14 13:29:56.852284,-1998858.169319,-6204681.801607,-3106658.747838,-139.603594,3323.630622,-6606.385353
2030-11-14 13:31:11.694749,-2003374.559600,-5937797.739166,-3591380.791337,18.943920,3804.647918,-6340.377198
2030-11-14 13:32:26.565715,-1996024.329068,-5635635.910955,-4054957.902908,177.277942,4262.828862,-6036.901809
2030-11-14 13:33:41.457509,-1976851.313399,-5300015.418966,-4494589.565121,334.467302,4695.499213,-5697.782962
2030-11-14 13:34:56.361338,-1945972.990148,-4932967.299466,-4907618.759434,489.588220,5100.137560,-5325.054809
2030-11-14 13:36:11.264356,-1903582.278607,-4536739.243186,-5291536.326946,641.723949,5474.376850,-4920.966866
2030-11-14 13:37:26.156381,-1849943.798605,-4113748.482008,-5644035.579648,789.984231,5816.054820,-4487.936678
2030-11-14 13:38:41.020690,-1785398.464545,-3666616.663510,-5962984.483924,933.492455,6123.184012,-4028.586604
2030-11-14 13:39:55.839039,-1710360.175341,-3198129.089632,-6246472.411073,1071.402113,6393.994656,-3545.704096
2030-11-14 13:41:10.589438,-1625316.188128,-2711230.336810,-6492820.206238,1202.898917,6626.941996,-3042.239640
2030-11-14 13:42:25.243157,-1530829.512875,-2209026.004151,-6700593.654888,1327.202852,6820.717579,-2521.311823
2030-11-14 13:43:39.760271,-1427544.554023,-1694794.317038,-6868622.397030,1443.570156,6974.266778,-1986.223518
2030-11-14 13:44:54.084753,-1316194.977575,-1171999.275295,-6996031.437469,1551.298206,7086.819593,-1440.480749
2030-11-14 13:46:08.122437,-1197640.638883,-644421.029672,-7082272.086524,1649.713171,7157.925045,-887.935632
2030-11-14 13:47:21.688887,-1072965.577640,-116496.305670,-7127213.456729,1738.141685,7187.553485,-333.154163
2030-11-14 13:48:35.556125,-941597.774492,414253.485388,-7131157.000190,1817.025753,7175.889671,226.566301
2030-11-14 13:49:50.804908,-802178.516886,952446.053554,-7092660.192085,1886.692679,7121.283922,796.264410
2030-11-14 13:51:05.748525,-658530.426756,1482768.561256,-7011832.061714,1944.914942,7024.216854,1359.869020
2030-11-14 13:52:20.618287,-511095.495364,2003723.924885,-6889151.539272,1991.577941,6885.121083,1915.851332
2030-11-14 13:53:35.371393,-360843.771156,2511926.279424,-6725498.590428,2026.382135,6704.878718,2460.652325
2030-11-14 13:54:50.004738,-208684.008648,3004360.144125,-6521964.451083,2049.129199,6484.567345,2991.073396
2030-11-14 13:56:04.510693,-55542.466537,3478087.293959,-6279892.155486,2059.689574,6225.513511,3503.963425
2030-11-14 13:57:18.882246,97653.205661,3930301.194100,-6000858.832400,2058.007070,5929.277490,3996.276266
2030-11-14 13:58:33.113723,249981.504327,4358348.292039,-5686660.304407,2044.099285,5597.641375,4465.093966
2030-11-14 13:59:47.199720,400530.784686,4759737.167796,-5339301.191690,2018.057676,5232.603011,4907.637683
2030-11-14 14:01:01.136447,548407.740547,5132160.296824,-4960973.847531,1980.046813,4836.357961,5321.293303
2030-11-14 14:02:14.919422,692738.326793,5473495.079575,-4554053.730968,1930.304617,4411.298431,5703.615008
2030-11-14 14:03:28.546094,832678.354965,5781828.777934,-4121069.254069,1869.139828,3959.984981,6052.356114
2030-11-14 14:04:42.010075,967407.867543,6055445.758123,-3664718.494632,1796.935382,3485.166578,6365.458154
2030-11-14 14:05:55.307041,1096147.874135,6292864.714913,-3187817.922123,1714.142311,2989.729074,6641.096823
2030-11-14 14:07:08.428700,1218154.818517,6492827.758074,-2693321.597815,1621.283781,2476.716378,6877.673663
2030-11-14 14:08:21.361424,1332725.236344,6654315.446347,-2184314.773362,1518.956512,1949.324019,7073.836782
2030-11-14 14:09:34.078642,1439192.732412,6776556.330974,-1664050.662201,1407.841937,1410.936513,7228.493830
2030-11-14 14:10:46.533453,1536930.892199,6859060.109593,-1135986.720528,1288.720641,865.162984,7340.850324
2030-11-14 14:11:58.614017,1625319.361337,6901661.610394,-604091.073599,1162.555585,316.150095,7410.447544
2030-11-14 14:13:11.501466,1705189.931079,6904376.336802,-62711.870765,1027.943231,-241.858638,7437.461069
2030-11-14 14:14:24.190700,1774839.075699,6866575.031840,477565.896173,887.436623,-797.858667,7420.660828
2030-11-14 14:15:36.775635,1833995.389339,6788619.153525,1014265.299520,741.722380,-1349.211057,7360.261813
2030-11-14 14:16:49.644096,1882572.594567,6670347.225289,1547062.486630,590.875021,-1895.475630,7256.026362
2030-11-14 14:18:02.396178,1919967.892542,6512918.913607,2069860.535121,436.613410,-2430.288861,7108.907023
2030-11-14 14:19:15.100255,1946022.300299,6317207.811121,2580082.198761,279.737759,-2950.908172,6919.722894
2030-11-14 14:20:27.757995,1960595.699966,6084405.760591,3074739.388847,121.200848,-3454.178832,6689.637959
2030-11-14 14:21:40.378919,1963616.756253,5815893.990700,3550993.194444,-38.052206,-3937.111500,6420.045721
2030-11-14 14:22:52.972601,1955078.466817,5513249.889970,4006112.050997,-197.073492,-4396.842467,6112.573194
2030-11-14 14:24:05.546064,1935038.908927,5178250.641176,4437470.762326,-354.912503,-4830.635608,5769.082819
2030-11-14 14:25:18.106412,1903621.413623,4812854.812377,4842583.007542,-510.627955,-5235.917727,5391.651569
2030-11-14 14:26:30.659237,1861014.696945,4419199.796495,5219106.660750,-663.290357,-5610.285840,4982.565668
2030-11-14 14:27:43.208002,1807473.266797,3999595.813819,5564856.825078,-811.986921,-5951.521783,4544.311716
2030-11-14 14:28:55.757618,1743313.906807,3556493.257238,5877837.260528,-955.834911,-6257.624253,4079.539688
2030-11-14 14:30:08.306272,1668921.519783,3092519.027375,6156218.768017,-1093.971359,-6526.788151,3591.098133
2030-11-14 14:31:20.852318,1584742.747625,2610422.549881,6398387.207563,-1225.573454,-6757.451905,3081.974910
2030-11-14 14:32:33.389503,1491289.153075,2113090.423659,6602940.464767,-1349.855854,-6948.294228,2555.309976
2030-11-14 14:33:45.901773,1389143.979240,1603567.866154,6768698.359521,-1466.070154,-7098.244244,2014.416084
2030-11-14 14:34:58.361671,1278965.663786,1085054.403645,6894734.054344,-1573.513441,-7206.512458,1462.772759
2030-11-14 14:36:10.724603,1161497.457206,560923.744248,6980406.187287,-1671.533375,-7272.623195,904.046389
2030-11-14 14:37:22.877919,1037657.454218,35066.821802,7025392.823804,-1759.486586,-7296.462608,342.456426
2030-11-14 14:38:35.553651,906878.656931,-494795.055163,7029680.477503,-1837.708963,-7277.975779,-224.380923
2030-11-14 14:39:48.885684,769555.798264,-1026506.137532,6992311.609648,-1905.654520,-7216.328648,-794.135348
2030-11-14 14:40:00.000000,748323.765809,-1106638.891243,6983007.595314,-1914.965508,-7203.244474,-880.081815
2030-11-14 14:40:00.000000,748323.765809,-1106638.891243,6983007.595314,-1914.965508,-7203.244474,-880.081815
2030-11-14 14:41:00.000000,854346.930268,-846112.831736,7255563.776878,1741.729327,4371.012499,4320.415725
2030-11-14 14:41:59.457813,956388.496493,-584922.138994,7499875.673839,1690.492291,4411.650865,3901.667789
2030-11-14 14:43:00.119626,1057326.682679,-316495.219597,7724207.408994,1637.273926,4435.590245,3498.241150
2030-11-14 14:44:00.636894,1154786.092500,-47725.463795,7924274.627313,1583.512365,4444.531360,3116.986782
2030-11-14 14:44:58.954442,1245610.679159,211420.310103,8095776.490205,1531.254277,4441.030737,2767.421037
2030-11-14 14:45:56.928441,1332869.800272,468532.746583,8246520.683200,1478.984902,4427.297097,2435.426001
2030-11-14 14:47:04.759140,1431107.625426,767974.078887,8399037.002804,1417.526965,4399.866857,2064.524667
2030-11-14 14:48:18.987406,1533822.958964,1093072.003901,8537816.404827,1349.979773,4357.534260,1677.884850
2030-11-14 14:49:38.418688,1638173.151057,1436980.540793,8655313.681360,1277.404056,4299.709313,1283.740326
2030-11-14 14:50:59.549344,1738792.237155,1783018.200978,8743760.025850,1202.961595,4228.779566,899.487599
2030-11-14 14:52:22.069503,1834924.297964,2128616.856694,8802437.968771,1126.875951,4145.542862,525.271017
2030-11-14 14:53:46.032845,1926274.774952,2472764.031914,8831088.902052,1048.999415,4050.305920,159.555566
2030-11-14 14:55:14.343056,2015273.290342,2825629.219996,8828725.556004,966.471396,3939.400382,-210.800283
2030-11-14 14:56:46.726062,2100539.283938,3183771.515305,8791884.636629,879.292797,3812.140507,-584.609432
2030-11-14 14:58:23.441694,2181122.255327,3545540.927841,8716943.828215,786.881377,3666.923841,-963.072428
2030-11-14 15:00:04.840500,2255935.476919,3909093.210187,8599688.958374,688.451963,3501.570945,-1347.776129
2030-11-14 15:01:56.360958,2326575.102710,4288725.669569,8426355.325116,577.965489,3303.928516,-1758.863863
2030-11-14 15:04:00.300830,2390430.686042,4683571.606028,8180682.683012,451.812161,3063.968985,-2203.615073
2030-11-14 15:05:58.583868,2436556.267369,5031391.219249,7895410.828961,327.382179,2813.523088,-2618.571964
2030-11-14 15:07:53.054607,2466926.010010,5338546.312228,7573012.220972,202.412043,2549.210802,-3013.309868
2030-11-14 15:09:42.817249,2482339.675145,5603417.577055,7221715.920380,77.546350,2273.122433,-3387.045783
2030-11-14 15:11:27.360680,2483995.849264,5826305.101006,6849157.721554,-46.823921,1986.853619,-3739.869405
2030-11-14 15:13:06.216664,2473319.549263,6008363.260629,6463041.904452,-170.182909,1692.314721,-4071.562853
2030-11-14 15:14:39.044198,2451917.061941,6151691.737383,6070677.387986,-291.979845,1391.562171,-4381.922240
2030-11-14 15:16:05.619320,2421505.105153,6259156.101545,5678804.951876,-411.624823,1086.824108,-4670.773089
2030-11-14 15:17:25.805295,2383855.745259,6334191.430483,5293560.827195,-528.462420,780.584546,-4937.935993
2030-11-14 15:18:39.478211,2340789.003269,6380621.970015,4920736.959760,-641.672586,475.874403,-5183.053875
2030-11-14 15:19:48.819242,2292432.442758,6403005.166980,4553353.278827,-754.083544,165.675348,-5413.272716
2030-11-14 15:20:54.579756,2239175.973517,6403575.026223,4190214.862655,-866.657803,-152.511162,-5630.833750
2030-11-14 15:21:56.808666,2181773.999107,6384082.335900,3833437.560662,-979.253983,-478.244143,-5835.533307
2030-11-14 15:22:55.663865,2120856.392251,6346255.571452,3484328.779933,-1091.887979,-811.546876,-6027.437356
2030-11-14 15:23:51.299694,2057003.743365,6291746.508802,3143992.865520,-1204.555974,-1152.417369,-6206.520944
2030-11-14 15:24:44.956766,1989313.161547,6220489.818612,2806403.445096,-1319.640313,-1508.343193,-6376.085085
2030-11-14 15:25:00.000000,1969210.216045,6197012.033068,2710133.961638,-1353.143464,-1613.439647,-6422.894838
2030-11-14 15:25:00.000000,1969210.216045,6197012.033068,2710133.961638,-1353.143464,-1613.439647,-6422.894838
2030-11-14 15:26:00.000000,1977709.391072,5995464.137263,3119373.044392,74.014267,-3566.772060,6718.214831
2030-11-14 15:27:13.496470,1977047.627389,5715108.631376,3602988.812538,-92.030009,-4058.443747,6435.217652
2030-11-14 15:28:24.854238,1964739.692494,5409174.357844,4051243.691549,-252.771346,-4512.071142,6122.257008
2030-11-14 15:29:36.498832,1940890.078155,5070373.532751,4477537.080177,-412.672294,-4941.108673,5772.151707
2030-11-14 15:30:48.106515,1905688.745938,4702060.130813,4877325.745351,-570.002568,-5340.807775,5388.510754
2030-11-14 15:31:59.743534,1859318.517447,4306074.061105,5248654.246487,-723.927024,-5709.080525,4973.435597
2030-11-14 15:33:11.417706,1802042.002142,3884680.505846,5589374.608025,-873.504312,-6043.691639,4529.500894
2030-11-14 15:34:23.143557,1734178.264993,3440249.674142,5897543.920290,-1017.838144,-6342.660734,4059.416920
2030-11-14 15:35:34.931308,1656108.782064,2975305.870975,6171379.828118,-1156.059904,-6604.219570,3566.074344
2030-11-14 15:36:46.791134,1568272.731145,2492490.239133,6409293.148697,-1287.343550,-6826.844492,3052.498337
2030-11-14 15:37:58.728848,1471170.480466,1994575.948643,6609885.417419,-1410.903547,-7009.253920,2521.858251
2030-11-14 15:39:10.742326,1365368.642182,1484481.346136,6771960.724382,-1525.996595,-7150.419808,1977.475644
2030-11-14 15:40:22.823062,1251498.190599,965245.086346,6894556.149598,-1631.933365,-7249.595507,1422.792069
2030-11-14 15:41:34.945076,1130272.095562,440087.846113,6976955.369594,-1728.073242,-7306.329911,861.429703
2030-11-14 15:42:47.037963,1002536.129503,-87413.049815,7018733.359269,-1813.810982,-7320.519414,297.373335
2030-11-14 15:44:00.052366,867264.919134,-621130.587019,7019595.493503,-1889.639495,-7291.802645,-273.382537
2030-11-14 15:45:13.095772,726816.287319,-1151392.883576,6978884.185593,-1954.045661,-7220.211356,-840.382717
2030-11-14 15:46:26.323389,581721.047596,-1676192.594783,6896748.558969,-2006.821862,-7106.202892,-1401.395910
2030-11-14 15:47:39.718328,432857.625061,-2192289.810292,6773578.226618,-2047.655210,-6950.559047,-1952.903011
2030-11-14 15:48:53.287100,281083.931164,-2696656.851945,6609992.281253,-2076.328075,-6754.289156,-2491.643112
2030-11-14 15:50:07.031956,127285.758071,-3186296.515170,6406854.953574,-2092.695096,-6518.650960,-3014.419409
2030-11-14 15:51:20.954389,-27635.239319,-3658285.849453,6165269.314015,-2096.686298,-6245.136353,-3518.145506
2030-11-14 15:52:35.054671,-182765.931972,-4109791.721668,5886574.201819,-2088.306997,-5935.462216,-3999.860845
2030-11-14 15:53:49.332115,-337187.772119,-4538090.959420,5572337.680090,-2067.637428,-5591.557705,-4456.750322
2030-11-14 15:55:03.784853,-489982.006470,-4940587.151524,5224350.444111,-2034.831868,-5215.552014,-4886.159704
2030-11-14 15:56:18.408719,-640233.245312,-5314823.087450,4844622.915186,-1990.118117,-4809.766523,-5285.605760
2030-11-14 15:57:33.198684,-787038.439112,-5658506.676359,4435368.680731,-1933.795397,-4376.692774,-5652.800225
2030-11-14 15:58:48.146799,-929508.990048,-5969518.882390,3999003.738062,-1866.233829,-3918.988030,-5985.654036
2030-11-14 16:00:03.243575,-1066779.905287,-6245938.286340,3538126.347552,-1787.871379,-3439.450853,-6282.298857
2030-11-14 16:01:18.473871,-1198009.091111,-6486044.724468,3055528.119190,-1699.215906,-2941.029975,-6541.085766
2030-11-14 16:02:33.816613,-1322385.127813,-6688343.603275,2554182.878088,-1600.844540,-2426.810202,-6760.605559
2030-11-14 16:03:49.242848,-1439133.146200,-6851587.206234,2037243.310368,-1493.404746,-1900.007049,-6939.705398
2030-11-14 16:05:04.700758,-1547504.393799,-6974783.176261,1508127.172556,-1377.636217,-1364.052378,-7077.490161
2030-11-14 16:06:20.109014,-1646787.653840,-7057256.711622,970546.982332,-1254.385963,-822.620863,-7173.380078
2030-11-14 16:07:35.297169,-1736267.857802,-7098717.368076,428909.855059,-1124.716629,-280.026360,-7227.164872
2030-11-14 16:08:51.688947,-1816957.014143,-7099052.195467,-123913.721313,-986.827447,270.950686,-7239.041359
2030-11-14 16:10:07.985522,-1886821.680858,-7057485.248325,-675318.242583,-843.745504,817.842102,-7208.100089
2030-11-14 16:11:24.493313,-1945738.707970,-6974132.008280,-1224250.568740,-695.724783,1359.773189,-7134.564215
2030-11-14 16:12:41.485440,-1993447.448747,-6848743.345966,-1769348.128530,-543.039729,1895.557419,-7018.254829
2030-11-14 16:13:58.517224,-2029300.239361,-6682472.905823,-2304156.446683,-387.414052,2419.031891,-6860.287801
2030-11-14 16:15:15.635706,-2053103.031052,-6476202.260055,-2825805.225400,-229.634766,2927.595415,-6661.544590
2030-11-14 16:16:32.815605,-2064694.785475,-6231190.024810,-3330995.715784,-70.640810,3418.243094,-6423.248272
2030-11-14 16:17:50.040968,-2063998.029532,-5948926.859841,-3816599.499893,88.644227,3888.148367,-6146.827491
2030-11-14 16:19:07.292660,-2051014.909573,-5631156.348953,-4279595.235178,247.291919,4334.594821,-5833.936408
2030-11-14 16:20:24.549901,-2025828.873823,-5279862.279857,-4717102.380958,404.377368,4755.002780,-5486.443505
2030-11-14 16:21:41.791057,-1988604.713998,-4897253.403033,-5126408.045694,558.986092,5146.949145,-5106.418720
2030-11-14 16:22:58.992769,-1939588.428716,-4485753.422728,-5504983.518375,710.217578,5508.177557,-4696.126696
2030-11-14 16:24:16.128569,-1879107.677797,-4047993.938954,-5850499.724724,857.188120,5836.608029,-4258.024007
2030-11-14 16:25:33.169877,-1807570.331700,-3586792.969622,-6160854.661417,999.038658,6130.358602,-3794.742927
2030-11-14 16:26:50.084162,-1725464.595189,-3105147.253014,-6434187.687479,1134.937501,6387.755208,-3309.089832
2030-11-14 16:28:06.832297,-1633360.762884,-2606229.891729,-6668895.731833,1264.082853,6607.344431,-2804.049969
2030-11-14 16:29:23.369804,-1531908.479913,-2093361.133939,-6863665.320317,1385.713223,6787.922252,-2282.765899
2030-11-14 16:30:39.633132,-1421854.184853,-1570077.017247,-7017473.089167,1499.096188,6928.535065,-1748.616342
2030-11-14 16:31:55.532584,-1304055.118157,-1040155.416372,-7129636.744078,1603.535708,7028.530452,-1205.254124
2030-11-14 16:33:10.909833,-1179554.166721,-507883.525352,-7199864.123215,1698.343902,7087.612130,-656.895425
2030-11-14 16:34:25.452618,-1049747.899827,21381.903830,-7228433.342445,1782.801523,7106.030696,-108.922648
2030-11-14 16:35:42.653052,-909067.197636,569349.998385,-7214834.507103,1859.962903,7082.745766,461.440002
2030-11-14 16:36:59.207026,-764096.525339,1109313.067574,-7157860.781534,1925.601419,7016.875848,1026.691498
2030-11-14 16:38:15.601046,-614847.566379,1641497.127275,-7057985.807252,1979.832050,6908.675732,1587.170294
2030-11-14 16:39:31.751888,-462391.112801,2162157.790676,-6916055.566378,2022.266673,6758.822359,2139.026177
2030-11-14 16:40:47.658276,-307658.554617,2668218.601168,-6733120.349907,2052.655835,6568.172549,2679.048700
2030-11-14 16:42:03.309276,-151609.107843,3156646.246063,-6510497.111818,2070.813554,6337.843460,3204.011015
2030-11-14 16:43:18.696936,4801.458079,3624556.846288,-6249739.435544,2076.627588,6069.188946,3710.781588
2030-11-14 16:44:33.814524,160623.659008,4069221.013773,-5952626.790998,2070.059660,5763.796793,4196.330652
2030-11-14 16:45:48.656889,314921.231037,4488081.730819,-5621147.942914,2051.146303,5423.479663,4657.751831
2030-11-14 16:47:03.220787,466777.710521,4878769.711570,-5257482.414116,2019.998929,5050.263629,5092.282652
2030-11-14 16:48:17.504680,615301.602018,5239113.845544,-4863983.092276,1976.803451,4646.377204,5497.321098
2030-11-14 16:49:31.507489,759629.194470,5567145.810362,-4443164.844944,1921.820460,4214.245668,5870.436767
2030-11-14 16:50:45.229705,898931.875705,5861115.167433,-3997680.463578,1855.383710,3756.471321,6209.394872
2030-11-14 16:51:58.671641,1032417.610516,6119490.410301,-3530312.261849,1777.900188,3275.828626,6512.165230
2030-11-14 16:53:11.834067,1159336.937128,6340970.018904,-3043950.037225,1689.848052,2775.244026,6776.943270
2030-11-14 16:54:24.715214,1278982.628360,6524481.951644,-2541592.424967,1591.778382,2257.798454,7002.157724
2030-11-14 16:55:37.310338,1390694.703723,6669195.328475,-2026332.693657,1484.314564,1726.712439,7186.492407
2030-11-14 16:56:49.601416,1493852.268536,6774520.549711,-1501414.834795,1368.167271,1185.402237,7328.891668
2030-11-14 16:58:01.541568,1587866.380910,6840138.220031,-970332.562537,1244.164455,637.578836,7428.594553
2030-11-14 16:59:13.012403,1672155.897083,6866075.505792,-437127.324182,1113.338742,87.550426,7485.210001
2030-11-14 17:00:25.296169,1747637.790255,6852214.081042,104688.205898,974.046327,-471.205576,7498.772621
2030-11-14 17:01:37.259871,1812556.777613,6798307.284278,643493.196801,829.216070,-1026.507591,7468.244069
2030-11-14 17:02:49.351420,1866945.045158,6704376.831328,1179462.562293,678.844456,-1578.319533,7393.537432
2030-11-14 17:04:01.284226,1910246.442253,6571268.912106,1707305.745797,524.449257,-2120.962696,7275.217956
2030-11-14 17:05:13.117482,1942277.315082,6399780.691026,2224372.599323,366.879212,-2651.476994,7113.977365
2030-11-14 17:06:24.865704,1962879.504083,6190963.160116,2727747.965379,207.095058,-3166.634479,6910.812624
2030-11-14 17:07:36.549568,1971958.299475,5946046.429771,3214641.674058,46.057181,-3663.348099,6666.963949
2030-11-14 17:08:48.188769,1969478.564236,5666447.235920,3682349.013200,-115.265240,-4138.638055,6383.919143
2030-11-14 17:09:59.802318,1955465.387078,5353762.768549,4128265.989833,-275.901143,-4589.653979,6063.404669
2030-11-14 17:11:11.408942,1930004.144270,5009762.239884,4549904.451953,-434.884754,-5013.696227,5707.373219
2030-11-14 17:12:23.025370,1893241.158296,4636387.914975,4944894.899432,-591.258145,-5408.223945,5318.000150
2030-11-14 17:13:34.667878,1845383.238040,4235740.363421,5311008.971408,-744.081035,-5770.882048,4897.662884
2030-11-14 17:14:46.352529,1786696.627411,3810067.003577,5646172.161241,-892.437426,-6099.517121,4448.922873
2030-11-14 17:15:58.091124,1717509.890661,3361776.858017,5948458.106846,-1035.433456,-6392.174375,3974.534930
2030-11-14 17:17:09.894936,1638210.723527,2893409.143163,6216121.221793,-1172.211642,-6647.131289,3477.407715
2030-11-14 17:18:21.772198,1549247.308975,2407636.998435,6447599.594141,-1301.952078,-6862.900908,2960.601124
2030-11-14 17:19:33.727189,1451128.886776,1907261.813267,6641528.785355,-1423.877545,-7038.245058,2427.313956
2030-11-14 17:20:45.758902,1344426.952380,1395209.134146,6796757.205226,-1537.258547,-7172.188335,1880.873511
2030-11-14 17:21:57.855268,1229783.759422,874554.774961,6912359.260101,-1641.413191,-7264.030523,1324.757819
2030-11-14 17:23:09.985756,1107925.854269,348560.994600,6987665.596302,-1735.709851,-7313.376559,762.629159
2030-11-14 17:24:22.062147,979737.242299,-179061.097677,7022310.547996,-1819.542002,-7320.195963,198.609877
2030-11-14 17:25:34.925689,844403.582118,-711385.836060,7016032.653280,-1893.299901,-7284.210028,-370.455210
2030-11-14 17:26:48.032247,703633.946839,-1241285.296125,6968208.388505,-1955.841768,-7205.346653,-936.839247
2030-11-14 17:28:01.293723,558409.668584,-1764976.089433,6879017.209434,-2006.717276,-7084.194589,-1496.418953
2030-11-14 17:29:14.727999,409543.769203,-2279475.423597,6748871.740491,-2045.656419,-6921.545850,-2045.957457
2030-11-14 17:30:28.336401,257904.780352,-2781726.276641,6578437.766011,-2072.449552,-6718.459362,-2582.170007
2030-11-14 17:31:42.120947,104378.612876,-3268741.148742,6368621.619055,-2086.963078,-6476.234533,-3101.877706
2030-11-14 17:32:56.083831,-50135.760489,-3737615.918047,6120564.519115,-2089.138503,-6196.399380,-3602.021654
2030-11-14 17:34:10.224329,-204725.180171,-4185528.409923,5835647.769077,-2078.992080,-5880.710828,-4079.660098
2030-11-14 17:35:24.542102,-358474.714512,-4609778.015723,5515476.144464,-2056.614589,-5531.130668,-4532.008679
2030-11-14 17:36:39.033955,-510466.611643,-5007784.514656,5161882.986488,-2022.170949,-5149.826318,-4956.436531
2030-11-14 17:37:53.697220,-659793.118364,-5377125.163473,4776906.418514,-1975.897831,-4739.140452,-5350.502583
2030-11-14 17:39:08.524632,-805552.148541,-5715526.280745,4362804.423300,-1918.104847,-4301.603119,-5711.942769
2030-11-14 17:40:23.509176,-946863.269394,-6020905.885370,3922018.920165,-1849.169957,-3839.889824,-6038.711192
2030-11-14 17:41:38.639790,-1082865.732659,-6291371.755035,3457185.830749,-1769.540419,-3356.829285,-6328.973250
2030-11-14 17:42:53.900157,-1212723.701488,-6525239.551894,2971130.518373,-1679.732903,-2855.395785,-6581.119684
2030-11-14 17:44:09.268030,-1335633.307806,-6721055.216758,2466858.050449,-1580.332997,-2338.696756,-6793.784754
2030-11-14 17:45:24.711071,-1450825.373639,-6877612.311166,1947564.454184,-1471.999412,-1809.982437,-6965.858435
2030-11-14 17:46:40.176410,-1557562.762969,-6993973.297115,1416691.616413,-1355.479739,-1272.699589,-7096.501561
2030-11-14 17:47:55.571856,-1655135.753952,-7069516.922707,878040.932600,-1231.644452,-730.602937,-7185.186411
2030-11-14 17:49:10.695416,-1742816.371507,-7104034.382336,336252.880304,-1101.618534,-188.229380,-7231.779307
2030-11-14 17:50:27.122004,-1821760.774132,-7097350.802971,-216899.168535,-963.326820,362.736180,-7236.432297
2030-11-14 17:51:43.433429,-1889835.914661,-7048793.565895,-767937.903487,-820.011245,908.965111,-7198.321217
2030-11-14 17:53:00.217700,-1947119.159213,-6958113.024361,-1317818.186790,-671.375920,1451.565573,-7117.334337
2030-11-14 17:54:17.195788,-1992946.978272,-6825751.333549,-1861215.079014,-518.768468,1985.446593,-6993.910065
2030-11-14 17:55:34.251816,-2026945.182673,-6652581.012847,-2394044.204045,-363.278424,2506.790516,-6828.921062
2030-11-14 17:56:51.384844,-2048901.037588,-6439602.616732,-2913107.569934,-205.786063,3012.676332,-6623.356672
2030-11-14 17:58:08.576851,-2058669.118483,-6188103.344534,-3415173.373195,-47.213335,3500.166020,-6378.463733
2030-11-14 17:59:25.810182,-2056183.578087,-5899621.238546,-3897122.185286,111.515761,3966.441948,-6095.712433
2030-11-14 18:00:43.065332,-2041458.720622,-5575942.874016,-4355954.976327,269.475835,4408.808407,-5776.794355
2030-11-14 18:02:00.322410,-2014589.533267,-5219087.369481,-4788824.505299,425.748298,4824.715803,-5423.608118
2030-11-14 18:03:17.558455,-1975752.659943,-4831306.377120,-5193042.102094,579.421155,5211.761260,-5038.261752
2030-11-14 18:04:34.749587,-1925205.686632,-4415061.249155,-5566112.338826,729.598789,5567.716339,-4623.053505
2030-11-14 18:05:51.869804,-1863286.731276,-3973012.942533,-5905747.753582,875.405040,5890.536012,-4180.466138
2030-11-14 18:07:08.889165,-1790415.024558,-3508016.028339,-6209883.272039,1015.985658,6178.368063,-3713.166351
2030-11-14 18:08:25.774951,-1707088.762288,-3023093.887546,-6476704.441131,1150.516866,6429.576411,-3223.986223
2030-11-14 18:09:42.487159,-1613888.342279,-2521446.786715,-6704655.744589,1278.204499,6642.746562,-2715.938574
2030-11-14 18:10:58.975889,-1511479.270689,-2006449.028999,-6892465.546748,1398.288868,6816.708156,-2192.222451
2030-11-14 18:12:15.177925,-1400616.538910,-1481648.613400,-7039176.791482,1510.050861,6950.564412,-1656.232167
2030-11-14 18:13:30.995570,-1282177.758150,-950887.052902,-7144167.281781,1612.798224,7043.714958,-1111.690925
2030-11-14 18:14:46.253737,-1157242.620115,-418571.499789,-7207224.578514,1705.842807,7095.936394,-562.946470
2030-11-14 18:16:00.579334,-1027326.693298,109518.899873,-7228756.475756,1788.432021,7107.607645,-15.831787
2030-11-14 18:17:17.754634,-886324.081339,657162.378191,-7207972.087578,1863.855995,7077.374825,554.589045
2030-11-14 18:18:34.262391,-741210.615120,1196125.355418,-7143926.789155,1927.725819,7004.629810,1119.212474
2030-11-14 18:19:50.610341,-591957.347652,1726793.001986,-7037088.980328,1980.176526,6889.616147,1678.536307
2030-11-14 18:21:06.712431,-439640.073530,2245414.173105,-6888357.767459,2020.829391,6733.060464,2228.693302
2030-11-14 18:22:22.568206,-285187.016007,2748933.927662,-6698824.059564,2049.445598,6535.857994,2766.485667
2030-11-14 18:23:38.166928,-129554.500409,3234339.443815,-6469845.272455,2065.849661,6299.165704,3288.697907
2030-11-14 18:24:53.500580,26304.947813,3698768.670419,-6203014.194665,2069.939839,6024.377566,3792.211299
2030-11-14 18:26:08.563652,181448.626620,4139524.529689,-5900142.150692,2061.688271,5713.115500,4274.020577
2030-11-14 18:27:23.350012,334943.300914,4554071.625325,-5563255.704074,2041.141940,5367.233934,4731.232762
2030-11-14 18:28:37.858097,485881.749918,4940079.483874,-5194557.777080,2008.421946,4988.787320,5161.118466
2030-11-14 18:29:52.086337,633378.833071,5295407.628402,-4796428.782257,1963.723874,4580.038051,5561.100833
2030-11-14 18:31:06.033067,776576.780725,5618118.117753,-4371411.916162,1907.318339,4143.447180,5928.775396
2030-11-14 18:32:19.700389,914657.707910,5906501.782227,-3922172.545177,1839.547050,3681.637471,6261.947056
2030-11-14 18:33:33.087029,1046834.781675,6159056.752072,-3451521.633433,1760.827316,3197.421004,6558.613395
2030-11-14 18:34:46.196056,1172371.267207,6374526.052330,-2962349.919021,1671.643114,2693.733725,6817.016556
2030-11-14 18:35:59.023268,1290564.872255,6551868.526417,-2457685.016416,1572.556308,2173.695071,7035.617288
2030-11-14 18:37:11.561873,1400762.564919,6690291.005067,-1940645.220562,1464.201163,1640.559916,7213.140455
2030-11-14 18:38:23.790668,1502350.530016,6789246.632297,-1414505.429368,1347.301390,1097.784588,7348.578067
2030-11-14 18:39:35.660498,1594750.673727,6848469.198432,-882780.315921,1222.696826,549.109275,7441.230173
2030-11-14 18:40:47.021964,1677364.619564,6868050.406561,-349741.903041,1091.485874,-0.913246,7490.769498
2030-11-14 18:41:59.279074,1751224.217722,6847795.560367,192018.048337,951.789452,-559.752764,7497.199459
2030-11-14 18:43:11.210271,1814503.088014,6787559.280697,730210.831994,806.709710,-1114.531101,7459.565870
2030-11-14 18:44:23.279236,1867246.893189,6687347.516101,1265131.285598,656.212076,-1665.332782,7377.777349
2030-11-14 18:45:35.188130,1908906.379907,6548080.178246,1791414.280591,501.840040,-2206.399543,7252.484347
2030-11-14 18:46:47.002213,1939309.895783,6370573.861869,2306464.193790,344.429576,-2734.826540,7084.410588
2030-11-14 18:47:58.735199,1958307.104737,6155911.556101,2807372.010627,184.942183,-3247.392545,6874.596290
2030-11-14 18:49:10.407975,1965811.349903,5905351.830758,3291362.872305,24.335929,-3741.027942,6624.321219
2030-11-14 18:50:22.039858,1961795.318765,5620341.028063,3755745.367009,-136.421914,-4212.769560,6335.113386
2030-11-14 18:51:33.649600,1946291.918072,5302505.033242,4197931.821109,-296.363334,-4659.787915,6008.737919
2030-11-14 18:52:45.256479,1919393.882273,4953636.820037,4615457.188120,-454.528293,-5079.412121,5647.180236
2030-11-14 18:53:56.876501,1881255.065402,4575707.215275,5005969.413441,-609.962626,-5469.125265,5252.652381
2030-11-14 18:55:08.526226,1832089.164085,4170839.098736,5367265.275219,-761.732838,-5826.604650,4827.560854
2030-11-14 18:56:20.220598,1772170.048600,3741308.763185,5697290.379749,-908.927548,-6149.724858,4374.501893
2030-11-14 18:57:31.971377,1701833.085533,3289546.925585,5994146.563959,-1050.660687,-6436.567539,3896.256331
2030-11-14 18:58:43.790509,1621471.477298,2818107.642873,6256120.479962,-1186.084554,-6685.450634,3395.750265
2030-11-14 18:59:55.684509,1531541.234234,2329692.668606,6481675.749235,-1314.385224,-6894.921346,2876.074375
2030-11-14 19:01:07.658240,1432556.462808,1827114.781343,6669483.962498,-1434.796494,-7063.785516,2340.438709
2030-11-14 19:02:19.706873,1325099.474012,1313339.637427,6818421.896091,-1546.593587,-7191.104957,1792.211249
2030-11-14 19:03:31.817660,1209819.115137,791458.882978,6927606.515578,-1649.106195,-7276.229658,1234.883730
2030-11-14 19:04:43.954742,1087455.991161,264780.786645,6996411.775109,-1741.709830,-7318.816501,672.163296
2030-11-14 19:05:56.012440,958931.072955,-262853.625683,7024531.499303,-1823.796973,-7318.907539,108.305758
2030-11-14 19:07:07.783835,825421.175933,-786891.702069,7012189.092236,-1894.805569,-7277.151597,-451.697727
2030-11-14 19:08:21.085773,684217.359674,-1317460.257500,6958260.754438,-1955.908965,-7192.004282,-1018.567312
2030-11-14 19:09:34.357328,539026.881106,-1840024.639477,6863119.119333,-2005.184955,-7064.849386,-1576.697238
2030-11-14 19:10:47.829421,390254.663687,-2353149.210413,6727068.879750,-2042.554804,-6896.282134,-2124.510220
2030-11-14 19:12:01.472341,238830.252778,-2853562.286807,6550849.190672,-2067.797279,-6687.448703,-2658.498946
2030-11-14 19:13:15.293405,85627.877527,-3338322.536166,6335390.214621,-2080.790763,-6439.669338,-3175.540513
2030-11-14 19:14:29.292296,-68449.891213,-3804521.270111,6081873.756626,-2081.485388,-6154.512094,-3672.577724
2030-11-14 19:15:42.757766,-221021.399926,-4245205.622042,5794660.069845,-2070.075375,-5836.996736,-4142.272934
2030-11-14 19:16:57.214345,-374345.565522,-4666806.198094,5469339.153829,-2046.396614,-5482.438350,-4591.579060
2030-11-14 19:18:11.725393,-525569.931504,-5061131.449610,5111367.715702,-2010.748176,-5097.009929,-5011.889375
2030-11-14 19:19:26.423504,-674069.777537,-5426552.071604,4722229.622681,-1963.333908,-4682.441541,-5401.612999
2030-11-14 19:20:41.283651,-818911.730322,-5760722.374679,4304292.385116,-1904.477727,-4241.373895,-5758.413008
2030-11-14 19:21:56.299177,-959221.721456,-6061589.132471,3860021.279639,-1834.563727,-3776.499593,-6080.277238
2030-11-14 19:23:11.458804,-1094144.915753,-6327288.393999,3392076.364684,-1754.045049,-3290.664993,-6365.403437
2030-11-14 19:24:26.745120,-1222850.620787,-6556163.998821,2903310.622384,-1663.444744,-2786.865346,-6612.213627
2030-11-14 19:25:42.132716,-1344537.922858,-6746789.447912,2396768.890880,-1563.357397,-2268.241179,-6819.371531
2030-11-14 19:26:57.590490,-1458449.042753,-6898002.130321,1875655.103042,-1454.444693,-1738.043010,-6985.813042
2030-11-14 19:28:13.060246,-1563849.844446,-7008900.358164,1343460.829263,-1337.466156,-1199.760389,-7110.734795
2030-11-14 19:29:28.439030,-1660030.810663,-7078910.184347,804073.609532,-1213.314324,-657.226871,-7193.654873
2030-11-14 19:30:43.503364,-1746260.728055,-7107900.376563,262292.734841,-1083.157342,-115.129468,-7234.513841
2030-11-14 19:31:59.961943,-1823818.833323,-7095623.067810,-291079.605700,-944.678034,435.815809,-7233.405382
2030-11-14 19:33:16.287584,-1890480.650573,-7041497.389555,-841771.560301,-801.310949,981.494866,-7189.581003
2030-11-14 19:34:33.234674,-1946436.661216,-6945037.471632,-1391919.392111,-652.436533,1524.182816,-7102.708957
2030-11-14 19:35:50.210685,-1990811.678539,-6807144.043339,-1933957.883673,-500.010529,2056.583875,-6973.644328
2030-11-14 19:37:07.284918,-2023380.904491,-6628514.100631,-2465136.114107,-344.764117,2576.199358,-6803.103591
2030-11-14 19:38:24.430161,-2043925.031287,-6410227.867645,-2982080.965279,-187.627401,3079.937726,-6592.148203
2030-11-14 19:39:41.631698,-2052309.522314,-6153600.230622,-3481597.176245,-29.513084,3564.897390,-6342.048369
2030-11-14 19:40:58.871275,-2048477.626100,-5860204.792906,-3960578.057830,128.656762,4028.272832,-6054.305070
2030-11-14 19:42:16.129195,-2032452.764878,-5531861.510964,-4416043.267338,285.960040,4467.385244,-5730.638659
2030-11-14 19:43:33.385043,-2004338.980101,-5170623.016966,-4845165.506611,441.481291,4879.702189,-5372.976919
2030-11-14 19:44:50.615406,-1964321.892308,-4778772.968608,-5245280.035363,594.312383,5262.840892,-4983.455996
2030-11-14 19:46:07.797349,-1912666.827181,-4358795.143383,-5613925.110932,743.564800,5614.601517,-4564.393279
2030-11-14 19:47:24.903492,-1849720.631005,-3913382.888411,-5948838.253038,888.365460,5932.958595,-4118.301311
2030-11-14 19:48:41.903640,-1775910.322907,-3445415.118972,-6247988.398957,1027.866025,6216.087519,-3647.869430
2030-11-14 19:49:58.763725,-1691742.614631,-2957943.735821,-6509594.345021,1161.247350,6462.378697,-3155.957576
2030-11-14 19:51:15.445315,-1597802.607545,-2454175.775243,-6732146.605710,1287.725632,6670.455906,-2645.585569
2030-11-14 19:52:31.896191,-1494764.372709,-1937513.944244,-6914410.314599,1406.545723,6839.178320,-2119.982509
2030-11-14 19:53:48.046526,-1383398.101595,-1411561.802566,-7055465.469060,1516.988683,6967.679543,-1582.602061
2030-11-14 19:55:03.793014,-1264596.638220,-880207.041735,-7154745.772051,1618.367835,7055.408138,-1037.219326
2030-11-14 19:56:18.947120,-1139468.836179,-347952.677700,-7212109.443895,1709.996352,7102.205545,-488.287681
2030-11-14 19:57:33.086490,-1009625.782664,179081.647644,-7228080.560171,1791.097272,7108.565533,57.995966
2030-11-14 19:58:50.241624,-868506.889858,726444.301518,-7201602.740027,1865.157259,7072.842842,628.415893
2030-11-14 20:00:06.710294,-723420.774454,1264577.695594,-7131963.474265,1927.647484,6994.670296,1192.479140
2030-11-14 20:01:23.019485,-574301.834025,1794010.417777,-7019623.532720,1978.720531,6874.278969,1750.827703
2030-11-14 20:02:39.080504,-422229.621838,2310983.513646,-6865524.885645,2018.004711,6712.435714,2299.578195
2030-11-14 20:03:54.893758,-268128.627942,2812460.783228,-6670790.027764,2045.269507,6510.065712,2835.544596
2030-11-14 20:05:10.448472,-112952.490238,3295444.618824,-6436808.798336,2060.347401,6268.358043,3355.519293
2030-11-14 20:06:25.737490,42351.478454,3757096.093258,-6165201.534409,2063.144658,5988.735090,3856.400056
2030-11-14 20:07:40.754906,196843.827191,4194735.398898,-5857809.226424,2053.641152,5672.850667,4335.192081
2030-11-14 20:08:55.495468,349597.789062,4605853.925140,-5516681.147185,2031.891410,5322.585181,4789.023697
2030-11-14 20:10:09.957420,499710.907768,4988143.258290,-5144044.883116,1998.023977,4940.022211,5215.182343
2030-11-14 20:11:24.139221,646303.775961,5339488.076321,-4742302.699828,1952.241772,4527.451406,5611.112194
2030-11-14 20:12:38.039667,788525.663975,5657978.995772,-4314014.938551,1894.822211,4087.357115,5974.434624
2030-11-14 20:13:51.660088,925563.767804,5941931.394429,-3861868.842400,1826.114485,3622.390946,6302.976879
2030-11-14 20:15:05.001713,1056642.741680,6189881.182355,-3388674.406166,1746.539806,3135.370837,6594.775443
2030-11-14 20:16:18.064900,1181028.146085,6400591.296345,-2897351.796197,1656.590951,2629.270154,6848.091748
2030-11-14 20:17:30.847610,1298028.981860,6573057.603545,-2390924.021892,1556.832724,2107.210818,7061.427271
2030-11-14 20:18:43.340858,1406996.647827,6706513.449350,-1872531.818138,1447.907431,1572.477934,7233.536042
2030-11-14 20:19:55.523147,1507325.726786,6800446.597601,-1345457.282718,1330.544131,1028.542054,7363.449991
2030-11-14 20:21:07.333586,1598433.595511,6854622.843390,-813304.312479,1205.607868,479.241753,7450.503060
2030-11-14 20:22:18.607060,1679721.163377,6869198.940390,-280462.096401,1074.233544,-70.743630,7494.437661
2030-11-14 20:23:30.844799,1752307.427212,6843900.336423,261213.451925,934.354315,-629.641630,7495.211159
2030-11-14 20:24:42.750585,1814307.470787,6778672.859071,798870.571234,789.215895,-1183.986068,7451.947335
2030-11-14 20:25:54.797332,1865775.690341,6673516.123780,1332875.062232,638.766342,-1733.932398,7364.556927
2030-11-14 20:27:06.687206,1906174.883566,6529397.070915,1857869.626150,484.549530,-2273.727977,7233.749374
2030-11-14 20:28:18.485661,1935339.048311,6347152.989153,2371267.737323,327.400143,-2800.476558,7060.278019
2030-11-14 20:29:30.206079,1953124.034843,6127891.860140,2870167.836215,168.278844,-3310.964856,6845.217338
2030-11-14 20:30:41.869886,1959449.291400,5872893.415687,3351810.002250,8.140251,-3802.139926,6589.877246
2030-11-14 20:31:53.496353,1954293.180493,5583625.918634,3813515.047330,-152.051213,-4271.053468,6295.816149
2030-11-14 20:33:05.104103,1937694.123308,5261736.842721,4252708.470559,-311.330844,-4714.892767,5964.828660
2030-11-14 20:34:16.711105,1909750.749633,4909046.048096,4666933.295046,-468.739964,-5130.999439,5598.934489
2030-11-14 20:35:28.335061,1870621.527074,4527535.852329,5053864.661320,-623.333038,-5516.889029,5200.363195
2030-11-14 20:36:39.991127,1820525.811803,4119354.987031,5411310.316785,-774.179009,-5870.255593,4771.552762
2030-11-14 20:37:51.694578,1759742.077277,3686795.609639,5737238.027804,-920.373285,-6189.002096,4315.119505
2030-11-14 20:39:03.455930,1688611.447420,3232312.728942,6029766.527029,-1061.034003,-6471.233773,3833.872191
2030-11-14 20:40:15.287395,1607531.355354,2758474.198903,6287207.962460,-1195.321309,-6715.300733,3330.752711
2030-11-14 20:41:27.194895,1516962.635948,2267999.561205,6508049.912812,-1322.428043,-6919.780910,2808.870702
2030-11-14 20:42:39.184114,1417421.989011,1763707.808047,6690993.446948,-1441.597656,-7083.515857,2271.441806
2030-11-14 20:43:51.249237,1309496.265114,1248581.336123,6834941.385636,-1552.112404,-7205.599755,1721.849815
2030-11-14 20:45:03.371726,1193846.672465,725761.740029,6939034.477135,-1653.303417,-7285.414017,1163.636831
2030-11-14 20:46:15.512259,1071223.618953,198588.460187,7002686.975922,-1744.554243,-7322.662599,600.539478
2030-11-14 20:47:27.549916,942579.436339,-328984.887134,7025645.552859,-1825.256644,-7317.451370,36.929038
2030-11-14 20:48:40.662263,806471.600348,-862479.288811,7007488.695899,-1896.108774,-7269.207190,-532.969278
2030-11-14 20:49:53.806267,665539.255004,-1391110.768012,6947813.443101,-1955.511932,-7178.291853,-1097.536957
2030-11-14 20:51:07.138314,520313.299438,-1912884.186336,6846839.377335,-2003.280858,-7045.239278,-1654.574072
2030-11-14 20:52:20.640525,371675.903307,-2424566.507351,6705072.494496,-2039.134728,-6870.952595,-2200.589489
2030-11-14 20:53:34.318958,220485.566473,-2923148.376919,6523241.314724,-2062.886319,-6656.551974,-2732.362678
2030-11-14 20:54:48.174692,67628.086619,-3405654.794886,6302321.607892,-2074.420201,-6403.405223,-3246.741373
2030-11-14 20:56:02.208772,-85998.488741,-3869198.583185,6043524.862186,-2073.695881,-6113.107705,-3740.697737
2030-11-14 20:57:16.421131,-239487.030213,-4310991.372861,5748295.352615,-2060.747100,-5787.473705,-4211.338496
2030-11-14 20:58:30.809563,-391924.756316,-4728356.412139,5418308.533383,-2035.681706,-5428.529328,-4655.916348
2030-11-14 20:59:45.371991,-542403.595444,-5118759.919152,5055453.669070,-1998.680133,-5038.488674,-5071.860494
2030-11-14 21:01:00.103528,-690020.037233,-5479812.642258,4661837.467826,-1949.995049,-4619.753517,-5456.774855
2030-11-14 21:02:14.997592,-833883.534115,-5809294.910759,4239769.337863,-1889.949686,-4174.893439,-5808.460758
2030-11-14 21:03:30.045031,-973121.097063,-6105170.912155,3791754.269093,-1818.936655,-3706.634894,-6124.927655
2030-11-14 21:04:45.234418,-1106884.421292,-6365608.434445,3320477.721098,-1737.415616,-3217.842506,-6404.409238
2030-11-14 21:06:00.546575,-1234347.443174,-6588981.108902,2828826.158764,-1645.917506,-2711.537845,-6645.360317
2030-11-14 21:07:15.958610,-1354721.917062,-6773907.371106,2319846.895934,-1545.038836,-2190.855749,-6846.492657
2030-11-14 21:08:31.428805,-1467243.474084,-6919244.149411,1796832.865662,-1435.460907,-1659.129273,-7006.761168
2030-11-14 21:09:46.899702,-1571192.258943,-7024147.888440,1263285.562428,-1317.948124,-1119.849243,-7125.421829
2030-11-14 21:10:00.000000,-1588319.450099,-7038201.693413,1169832.070172,-1296.794934,-1025.700075,-7141.752022
2030-11-14 21:10:00.000000,-1588319.450099,-7038201.693413,1169832.070172,241.494124,-2730.515338,6365.012562
2030-11-14 21:11:00.000000,-1571000.908035,-7189363.200036,1549413.228011,334.298624,-2312.676341,6285.109214
2030-11-14 21:12:05.880518,-1545886.921592,-7327417.299761,1960141.173350,426.527842,-1883.228435,6181.213970
2030-11-14 21:13:16.484094,-1512575.494504,-7445037.480354,2392169.145922,515.497251,-1453.615571,6054.535037
2030-11-14 21:14:28.510727,-1472457.277564,-7534837.439594,2823195.712925,597.031656,-1044.550939,5911.973858
2030-11-14 21:15:41.592596,-1426059.775652,-7596837.309984,3249618.807178,671.390595,-656.452928,5756.046418
2030-11-14 21:16:54.908031,-1374333.138482,-7631447.952853,3665597.592758,738.505274,-291.570255,5590.157076
2030-11-14 21:18:11.448883,-1315353.687715,-7639939.536927,4086571.081212,801.479065,65.898432,5408.483057
2030-11-14 21:19:31.362252,-1248908.577104,-7620531.180008,4510937.545496,860.342408,416.124922,5210.940422
2030-11-14 21:20:54.706260,-1174879.866921,-7571414.604421,4936394.160718,915.042119,758.892098,4997.538393
2030-11-14 21:22:21.508695,-1093216.361521,-7490846.516994,5360290.102803,965.503609,1093.920052,4768.246566
2030-11-14 21:23:52.930645,-1002766.099448,-7375543.963880,5784907.013896,1012.189284,1424.965369,4519.782369
2030-11-14 21:25:31.346029,-900953.344134,-7218695.846133,6216259.846383,1055.749785,1758.810144,4244.948368
2030-11-14 21:27:16.054672,-788283.933340,-7016949.622445,6645087.873430,1095.168408,2090.896428,3944.588694
2030-11-14 21:29:06.805164,-665013.936215,-6767016.053434,7063959.900035,1129.745907,2418.741300,3618.161195
2030-11-14 21:31:03.255849,-531692.318626,-6466427.252098,7464840.904136,1158.800999,2739.930470,3265.129215
2030-11-14 21:33:05.033193,-389108.273857,-6113514.928347,7839417.466796,1181.668277,3052.245579,2884.727833
2030-11-14 21:35:11.731797,-238296.628415,-5707465.594792,8179155.602130,1197.664224,3353.570109,2475.891621
2030-11-14 21:37:19.315171,-84884.064998,-5261467.966587,8467999.959493,1205.929167,3634.182560,2049.442015
2030-11-14 21:39:20.183717,60981.193126,-4807170.034925,8690536.747017,1206.503916,3879.810822,1630.247407
2030-11-14 21:41:11.713948,195273.687923,-4362615.922837,8850109.244853,1200.635625,4089.364861,1228.782798
2030-11-14 21:43:01.410385,326378.345505,-3903456.188004,8962549.392777,1188.623629,4279.420450,818.555256
2030-11-14 21:44:43.535837,446945.432211,-3458009.547151,9025993.999116,1171.554981,4441.696450,421.324533
2030-11-14 21:46:20.314726,559318.566260,-3021255.567248,9047943.316804,1149.763877,4581.840128,29.665149
2030-11-14 21:47:54.271747,666132.533286,-2584894.205229,9032253.881927,1122.941715,4704.391615,-366.372500
2030-11-14 21:49:24.883323,766494.971461,-2153779.179036,8981137.163481,1091.288245,4808.949513,-764.720507
2030-11-14 21:50:52.137159,860170.255959,-1730288.932603,8897066.092963,1054.881375,4895.747381,-1165.244809
2030-11-14 21:52:17.826925,948808.265908,-1307643.076639,8779727.609711,1012.832016,4966.229937,-1576.564555
2030-11-14 21:53:43.309472,1033349.493342,-880690.098563,8626725.690059,963.912812,5020.094324,-2006.620609
2030-11-14 21:55:00.000000,1105376.467400,-494351.054686,8457447.515776,-1392.417857,-7652.048471,3453.950539
2030-11-14 21:55:00.000000,1105376.467400,-494351.054686,8457447.515776,-1392.417857,-7652.048471,3453.950539
2030-11-14 21:56:00.000000,1020627.115554,-952752.862820,8655142.538511,-1431.537813,-7625.544014,3138.731245
2030-11-14 21:57:18.208871,906952.257578,-1547135.608593,8885359.729527,-1473.882250,-7570.900644,2753.244028
2030-11-14 21:58:36.201457,790635.314122,-2134876.191839,9086006.920379,-1507.567961,-7498.113434,2396.558840
2030-11-14 21:59:57.122243,667492.110241,-2738055.371845,9265905.662317,-1534.764482,-7407.544856,2054.320899
2030-11-14 22:01:20.727484,538252.825821,-3353015.787804,9423853.194703,-1555.787942,-7301.718158,1728.653549
2030-11-14 22:02:47.229425,402967.085252,-3979534.989868,9559814.062702,-1571.142589,-7182.570296,1419.381088
2030-11-14 22:04:16.695456,261909.722220,-4616338.122905,9673510.308466,-1581.287417,-7052.061487,1126.679688
2030-11-14 22:05:49.116616,115480.097471,-5261662.191280,9764689.878951,-1586.676021,-6912.119225,850.706840
2030-11-14 22:07:24.323551,-35666.767764,-5912747.333151,9833163.003921,-1587.763991,-6764.765647,591.767807
2030-11-14 22:08:56.559910,-182025.453736,-6530061.433813,9877037.256036,-1585.267232,-6620.602921,363.011687
2030-11-14 22:10:40.263345,-346129.288806,-7208225.967525,9902352.316030,-1579.060354,-6458.411133,129.095158
2030-11-14 22:12:33.334486,-524135.350426,-7928543.758763,9903711.972681,-1568.997877,-6282.890954,-100.958089
2030-11-14 22:14:33.556695,-711969.477554,-8672802.671455,9878142.546772,-1555.337598,-6099.065740,-320.356719
2030-11-14 22:16:42.333554,-911176.431715,-9445764.841654,9823117.432565,-1538.104630,-5906.411524,-530.169129
2030-11-14 22:19:00.402500,-1122133.687776,-10247319.091764,9735845.750236,-1517.390219,-5705.546592,-729.971055
2030-11-14 22:21:28.721554,-1345422.763617,-11077992.281579,9613218.254036,-1493.268780,-5496.874756,-919.588011
2030-11-14 22:24:08.271251,-1581500.748055,-11937669.298648,9451888.741559,-1465.825013,-5280.889696,-1098.763114
2030-11-14 22:27:02.379382,-1834019.759415,-12837319.294138,9245388.997084,-1434.737266,-5055.220158,-1269.324150
2030-11-14 22:30:13.436180,-2104812.051525,-13780424.484463,8987028.113749,-1399.848984,-4819.291686,-1431.172346
2030-11-14 22:33:40.517739,-2390743.518527,-14753068.196286,8674679.454191,-1361.658507,-4576.746834,-1581.531911
2030-11-14 22:37:18.903020,-2683710.724334,-15725899.175612,8314150.892834,-1321.406200,-4334.850601,-1716.565200
2030-11-14 22:41:09.931615,-2984107.724916,-16699196.631571,7903203.780097,-1279.198783,-4093.275170,-1837.568290
2030-11-14 22:45:14.195434,-3291186.313893,-17669336.842857,7440817.655549,-1235.252978,-3852.495652,-1945.226072
2030-11-14 22:49:32.411332,-3604249.674666,-18632852.438834,6925884.403291,-1189.737237,-3612.784295,-2040.236451
2030-11-14 22:54:05.283638,-3922464.053473,-19585822.698340,6357466.720248,-1142.798882,-3374.366941,-2123.230671
2030-11-14 22:58:53.509989,-4244864.220470,-20523909.709755,5734822.139184,-1094.564274,-3137.418096,-2194.782877
2030-11-14 23:03:57.770410,-4570339.586053,-21442335.415875,5057459.588343,-1045.141432,-2902.070482,-2255.411931
2030-11-14 23:09:18.702602,-4897609.478681,-22335834.696520,4325229.795770,-994.624208,-2668.431522,-2305.582073
2030-11-14 23:14:56.892841,-5225220.291018,-23198677.721193,3538383.074056,-943.093193,-2436.583971,-2345.708136
2030-11-14 23:20:52.845287,-5551525.883617,-24024653.080627,2697675.624734,-890.619410,-2206.599607,-2376.157646
2030-11-14 23:27:03.296579,-5871616.386907,-24799853.286180,1813236.370877,-837.779963,-1980.713922,-2397.097101
2030-11-14 23:33:17.541213,-6175425.901192,-25500360.950458,913663.877080,-786.075360,-1764.797696,-2408.859417
2030-11-14 23:39:29.631763,-6458590.438329,-26118782.440982,16430.046430,-736.183457,-1560.926889,-2412.577534
2030-11-14 23:45:24.313037,-6711457.829231,-26639287.239823,-838931.219139,-689.898311,-1375.494191,-2409.717806
2030-11-14 23:51:33.376306,-6957370.613145,-27112598.674412,-1726818.974453,-642.925627,-1190.759707,-2400.928290
2030-11-14 23:58:37.454641,-7218812.939137,-27574187.487971,-2741719.467807,-590.290180,-987.689317,-2384.370190
2030-11-15 00:06:20.582309,-7479161.340347,-27982182.404183,-3840448.484655,-534.248780,-775.838254,-2359.307039
2030-11-15 00:14:25.817917,-7724437.150786,-28306776.483238,-4977481.787599,-476.926313,-563.590533,-2326.090082
2030-11-15 00:22:57.312480,-7953211.189492,-28539843.256469,-6156823.174592,-417.809600,-349.216695,-2284.130984
2030-11-15 00:31:55.619728,-8161648.215262,-28669137.019025,-7372916.666698,-356.790634,-132.577858,-2232.922163
2030-11-15 00:41:21.926206,-8345778.206084,-28681717.685836,-8620461.083349,-293.650650,86.800766,-2171.765327
2030-11-15 00:51:17.610750,-8501142.322710,-28563297.785966,-9893083.298908,-228.105745,309.531559,-2099.747795
2030-11-15 01:01:44.954257,-8622766.100199,-28297517.499618,-11184389.353228,-159.718906,536.623002,-2015.576931
2030-11-15 01:12:48.668827,-8704870.561084,-27863555.685252,-12490046.103824,-87.719151,769.989005,-1917.201897
2030-11-15 01:24:41.184589,-8739839.851530,-27227586.224383,-13815231.229283,-10.394870,1014.182607,-1800.588228
2030-11-15 01:36:29.402594,-8719853.531267,-26424899.459023,-15045884.474775,66.958362,1251.877382,-1672.694508
2030-11-15 01:47:53.541803,-8648232.283552,-25490930.566212,-16144481.678477,142.608310,1477.994127,-1536.800217
2030-11-15 01:58:52.532014,-8529898.603372,-24445816.741978,-17110617.809183,216.778130,1693.588123,-1393.166407
2030-11-15 02:09:22.416132,-8370611.720653,-23314484.825979,-17941489.407249,289.286626,1898.473393,-1242.724821
2030-11-15 02:19:20.078811,-8176700.637197,-22121859.976218,-18638222.837521,359.948318,2092.474764,-1086.455105
2030-11-15 02:28:43.112735,-7954825.064771,-20892249.300408,-19205277.487657,428.557504,2275.391593,-925.432899
2030-11-15 02:37:29.962623,-7711660.064150,-19648264.908999,-19650108.292423,494.910470,2447.066151,-760.793271
2030-11-15 02:45:45.249596,-7450632.596418,-18396154.868188,-19985681.580502,559.525290,2609.164032,-591.805078
2030-11-15 02:53:34.700315,-7173136.527889,-17135065.058021,-20223059.326817,623.096176,2763.588917,-416.929014
2030-11-15 03:00:00.000000,-6922693.113013,-16045738.386038,-20354063.133887,677.206865,2890.939919,-261.096790
2030-11-15 03:00:00.000000,-6922693.113013,-16045738.386038,-20354063.133887,677.206865,2890.939919,-261.096790
2030-11-15 03:01:00.000000,-6693087.491993,-15195830.093791,-20203443.066161,3831.171720,14175.224143,2523.536556
2030-11-15 03:03:40.966931,-6074388.664723,-12909625.622988,-19791022.520035,3856.577881,14231.087535,2603.243930
2030-11-15 03:06:11.922572,-5490253.309026,-10757295.327779,-19391477.315098,3883.011250,14285.111046,2692.943524
2030-11-15 03:08:46.203757,-4888928.201563,-8549115.016812,-18967809.852369,3912.586365,14340.020247,2802.447361
2030-11-15 03:11:06.699298,-4337216.546685,-6531044.758457,-18566019.637744,3941.481175,14387.146000,2920.202670
2030-11-15 03:13:19.147123,-3813302.992394,-4622850.765544,-18170940.246135,3969.891438,14425.917048,3048.478277
2030-11-15 03:15:26.698451,-3305173.009566,-2780868.863767,-17773354.165576,3997.531923,14454.549974,3188.289083
2030-11-15 03:17:32.810659,-2799347.115415,-956809.227038,-17361766.694896,4024.074921,14470.677043,3341.327211
2030-11-15 03:19:26.641360,-2339998.312570,690592.595588,-16973040.304799,4046.296365,14471.734233,3490.002502
2030-11-15 03:21:22.403973,-1870409.107433,2365200.407023,-16559925.416292,4066.119004,14457.259591,3648.092253
2030-11-15 03:23:32.441808,-1340449.488178,4243050.255416,-16073806.772656,4083.840748,14420.711724,3828.415053
2030-11-15 03:25:51.045077,-773466.749938,6237764.577350,-15530073.734117,4096.388000,14358.567610,4015.980824
2030-11-15 03:28:02.661921,-233882.720614,8122632.022043,-14990395.400213,4101.901057,14280.436649,4182.328727
2030-11-15 03:29:53.935076,222589.390505,9707453.759907,-14517791.098726,4101.973693,14203.453990,4309.949538
2030-11-15 03:31:44.256217,674959.761915,11269876.998186,-14035962.105378,4098.459459,14120.768734,4422.704467
2030-11-15 03:33:56.132361,1214964.994747,13125319.075286,-13444840.531018,4090.539592,14018.060148,4538.699394
2030-11-15 03:36:18.736978,1797485.949804,15116424.933233,-12789974.593524,4078.753785,13907.195715,4641.990139
2030-11-15 03:38:37.594481,2362935.691474,17040265.629840,-12139581.104020,4065.337997,13803.275181,4722.778868
2030-11-15 03:41:02.303031,2950150.831690,19030277.398051,-11451139.116871,4050.406657,13701.731129,4789.383253
2030-11-15 03:43:36.004126,3571467.805141,21128523.469816,-10710609.277269,4034.363510,13602.797833,4844.150096
2030-11-15 03:45:00.000000,3909974.465366,22268981.358201,-10302677.062973,4025.741991,13552.769681,4868.399558
2030-11-15 03:45:00.000000,3909974.465366,22268981.358201,-10302677.062973,4025.741991,13552.769681,4868.399558
2030-11-15 03:46:00.000000,4223851.082985,22955975.547192,-9302008.437290,5228.135392,11432.568646,16685.163175
2030-11-15 03:49:13.576048,5233842.174063,25158383.625683,-6068443.709980,5206.716498,11323.438470,16720.254110
2030-11-15 03:52:29.502706,6251803.318883,27366838.238295,-2790541.932802,5184.608767,11222.180924,16737.568532
2030-11-15 03:55:44.897541,7262776.096260,29550746.841487,480441.251906,5163.662492,11133.841996,16741.352536
2030-11-15 03:59:07.066954,8304686.419407,31793602.805036,3864614.256545,5144.019269,11056.338474,16736.032677
2030-11-15 04:02:45.715430,9427335.245669,34203223.816311,7522712.709032,5125.425260,10987.048117,16724.232161
2030-11-15 04:06:49.980218,10677078.040160,36879058.202014,11605862.793759,5107.785878,10924.604188,16707.575592
2030-11-15 04:11:32.040988,12115332.881210,39952125.504307,16315531.455762,5090.985088,10867.897354,16687.113645
2030-11-15 04:17:12.268622,13844561.442976,43640378.576576,21988852.925708,5074.793567,10815.686162,16663.343348
2030-11-15 04:23:57.143298,15896059.757031,48009566.601282,28730167.892727,5059.865953,10769.617969,16637.995645
2030-11-15 04:31:33.212071,18200652.386269,52912146.235391,36312522.505481,5047.060314,10731.665475,16613.649083
2030-11-15 04:40:19.043301,20851482.916306,58546365.869428,45042197.637791,5035.907746,10699.796164,16590.479552
2030-11-15 04:50:29.956944,23924879.294533,65074382.519167,55170679.164622,5026.205499,10672.979193,16568.815489
2030-11-15 05:02:19.953860,27490344.793935,72643747.486550,66927144.393957,5017.820394,10650.495637,16548.942026
2030-11-15 05:16:15.905587,31681796.194605,81538655.473801,80753335.552509,5010.526500,10631.471513,16530.768993
2030-11-15 05:32:49.994134,36659377.551767,92098789.837062,97177791.595107,5004.168958,10615.303666,16514.241389
2030-11-15 05:52:42.618585,42623989.213039,104750176.173297,116863740.075368,4998.627843,10601.533910,16499.301837
2030-11-15 06:16:45.306850,49831778.600295,120035920.765434,140656919.347377,4993.805297,10589.799352,16485.885269
2030-11-15 06:46:04.651376,58613707.772846,138657701.713182,169650182.284987,4989.618344,10579.803862,16473.917318
2030-11-15 07:22:07.630367,69401995.861791,161531828.266375,205270813.323182,4985.994945,10571.301156,16463.315442
2030-11-15 08:00:00.000000,80728769.233860,185546199.603908,242671884.926220,4983.278018,10565.016979,16455.214093
