DebrisID,Name,StartUTC,StopUTC,OrbEpoch,StepSize,PositionX,PositionY,PositionZ,VelocityX,VelocityY,VelocityZ,GravityModel,MaxDegree,MaxOrder,UseDrag,UseFluxGeoFile,DragCoefficient
1,Debris1,2030-11-14 08:00:00,2030-11-15 08:00:00,2030-11-14 08:00:00,60,-1113924.525,634293.4334,-8840283.673,1753.318591,6029.055789,534.921035,7,20,20,1,0,2.2
2,Debris2,2030-11-14 08:00:00,2030-11-15 08:00:00,2030-11-14 08:00:00,60,-1654510.742,-2551988.329,-6763069.244,1342.097126,6593.96285,-2677.689633,7,20,20,1,0,2.2
3,Debris3,2030-11-14 08:00:00,2030-11-15 08:00:00,2030-11-14 08:00:00,60,-157293.1401,6791057.077,3320226.864,1575.046771,-4179.296546,6287.261607,7,20,20,1,0,2.2
4,Debris4,2030-11-14 08:00:00,2030-11-15 08:00:00,2030-11-14 08:00:00,60,1724482.42,3541999.889,5842059.653,-920.84565,-6271.557571,4181.721564,7,20,20,1,0,2.2
5,Debris5,2030-11-14 08:00:00,2030-11-15 08:00:00,2030-11-14 08:00:00,60,1686926.646,3809313.726,5711609.848,-711.101504,-6168.331322,4329.579936,7,20,20,1,0,2.2
6,Debris6,2030-11-14 08:00:00,2030-11-15 08:00:00,2030-11-14 08:00:00,60,-891176.747,-6097028.486,4536678.692,-1926.000159,-4460.448733,-5346.115785,7,20,20,1,0,2.2
7,Debris7,2030-11-14 08:00:00,2030-11-15 08:00:00,2030-11-14 08:00:00,60,-257219.5544,3436477.848,-6700848.831,1816.036807,6122.552075,3279.250234,7,20,20,1,0,2.2
8,Debris8,2030-11-14 08:00:00,2030-11-15 08:00:00,2030-11-14 08:00:00,60,1875372.529,6868688.382,1059149.43,674.3308479999999,-1625.635327,7356.071199,7,20,20,1,0,2.2
9,Debris9,2030-11-14 08:00:00,2030-11-15 08:00:00,2030-11-14 08:00:00,60,-966495.7619,369088.6885,-7296800.942,1865.091449,7039.022496,193.739813,7,20,20,1,0,2.2
10,Debris10,2030-11-14 08:00:00,2030-11-15 08:00:00,2030-11-14 08:00:00,60,-556585.5323,1692716.8,-6839123.221,2072.837798,7033.328634,1728.460198,7,20,20,1,0,2.2
11,Debris11,2030-11-14 08:00:00,2030-11-15 08:00:00,2030-11-14 08:00:00,60,1285046.55,6806995.551,-1409155.747,1355.759703,1239.934031,7293.540831,7,20,20,1,0,2.2
12,Debris12,2030-11-14 08:00:00,2030-11-15 08:00:00,2030-11-14 08:00:00,60,-1874334.844,-5862676.752,-3793839.186,-15.305604,4028.408934,-6177.954363,7,20,20,1,0,2.2
13,Debris13,2030-11-14 08:00:00,2030-11-15 08:00:00,2030-11-14 08:00:00,60,1150323.577,523028.4595,6966809.528,-1747.713781,-7297.780065,861.649721,7,20,20,1,0,2.2
14,Debris14,2030-11-14 08:00:00,2030-11-15 08:00:00,2030-11-14 08:00:00,60,-1364689.334,-1233704.872,-7156862.381,1609.512027,6944.59185,-1409.842344,7,20,20,1,0,2.2
15,Debris15,2030-11-14 08:00:00,2030-11-15 08:00:00,2030-11-14 08:00:00,60,696527.7230999999,-1312153.246,6950893.721,-1927.153882,-7191.765267,-1071.275134,7,20,20,1,0,2.2
16,Debris16,2030-11-14 08:00:00,2030-11-15 08:00:00,2030-11-14 08:00:00,60,-1089034.041,144270.4723,-7732400.178,1817.874879,6742.435587,150.408827,7,20,20,1,0,2.2
17,Debris17,2030-11-14 08:00:00,2030-11-15 08:00:00,2030-11-14 08:00:00,60,55149.95431,3629428.836,-6083281.142,2138.158837,6143.029535,3760.781292,7,20,20,1,0,2.2
18,Debris18,2030-11-14 08:00:00,2030-11-15 08:00:00,2030-11-14 08:00:00,60,-23331.8148,3813930.289,-7229166.74,1991.099652,5520.128214,3405.775404,7,20,20,1,0,2.2
19,Debris19,2030-11-14 08:00:00,2030-11-15 08:00:00,2030-11-14 08:00:00,60,510639.2804,-2105853.695,6796136.286,-1915.708701,-6993.745881,-1893.509841,7,20,20,1,0,2.2
20,Debris20,2030-11-14 08:00:00,2030-11-15 08:00:00,2030-11-14 08:00:00,60,1965458.338,5950706.317,3339816.011,23.927408,-3764.679878,6533.460758,7,20,20,1,0,2.2
21,Debris21,2030-11-14 08:00:00,2030-11-15 08:00:00,2030-11-14 08:00:00,60,-1517637.534,-1204434.347,-8181436.765,1535.774266,6331.857456,-984.810804,7,20,20,1,0,2.2
22,Debris22,2030-11-14 08:00:00,2030-11-15 08:00:00,2030-11-14 08:00:00,60,-1719479.954,-3141497.123,-6218407.726,1146.292092,6416.82528,-3559.637006,7,20,20,1,0,2.2
23,Debris23,2030-11-14 08:00:00,2030-11-15 08:00:00,2030-11-14 08:00:00,60,-2067083.052,-7151268.155,-1221356.147,-727.6202919999999,1142.594819,-7061.849561,7,20,20,1,0,2.2
24,Debris24,2030-11-14 08:00:00,2030-11-15 08:00:00,2030-11-14 08:00:00,60,605244.4863,5261109.708,-4732383.055,1962.593925,4687.481993,5504.324921,7,20,20,1,0,2.2
25,Debris25,2030-11-14 08:00:00,2030-11-15 08:00:00,2030-11-14 08:00:00,60,1153833.315,531185.213,6971307.902,-1506.092514,-7344.099347,872.75418,7,20,20,1,0,2.2
26,Debris26,2030-11-14 08:00:00,2030-11-15 08:00:00,2030-11-14 08:00:00,60,-963503.5524,560412.3689999999,-7268134.885,1603.88344,7107.623248,460.387132,7,20,20,1,0,2.2
27,Debris27,2030-11-14 08:00:00,2030-11-15 08:00:00,2030-11-14 08:00:00,60,1571818.194,7019642.943,-1027622.025,1210.402272,545.776477,7317.05752,7,20,20,1,0,2.2
28,Debris28,2030-11-14 08:00:00,2030-11-15 08:00:00,2030-11-14 08:00:00,60,422239.8736,4687310.939,-5532256.27,2066.912556,5234.566452,4782.994651,7,20,20,1,0,2.2
29,Debris29,2030-11-14 08:00:00,2030-11-15 08:00:00,2030-11-14 08:00:00,60,1625648.866,6955933.579,-538604.2785,1129.411811,178.905653,7392.913988,7,20,20,1,0,2.2
30,Debris30,2030-11-14 08:00:00,2030-11-15 08:00:00,2030-11-14 08:00:00,60,1569510.996,6771440.958,-1118497.499,1307.664438,908.260634,7381.658101,7,20,20,1,0,2.2
31,Debris31,2030-11-14 08:00:00,2030-11-15 08:00:00,2030-11-14 08:00:00,60,-1941823.263,-3876891.838,-6294629.39,952.7346669999999,5792.662777,-3966.755157,7,20,20,1,0,2.2
32,Debris32,2030-11-14 08:00:00,2030-11-15 08:00:00,2030-11-14 08:00:00,60,-1980629.715,-6541148.17,-2343592.952,-367.218685,2569.946025,-6911.535378,7,20,20,1,0,2.2
33,Debris33,2030-11-14 08:00:00,2030-11-15 08:00:00,2030-11-14 08:00:00,60,-1098958.717,-6396556.201,3246254.159,-1739.509448,-3208.155074,-6460.535623,7,20,20,1,0,2.2
34,Debris34,2030-11-14 08:00:00,2030-11-15 08:00:00,2030-11-14 08:00:00,60,1786968.012,3692841.77,5626721.068,-907.337599,-6040.099584,4659.332753,7,20,20,1,0,2.2
35,Debris35,2030-11-14 08:00:00,2030-11-15 08:00:00,2030-11-14 08:00:00,60,-752754.083,1488105.315,-7910659.291,1907.910135,6406.216064,1246.168058,7,20,20,1,0,2.2
36,Debris36,2030-11-14 08:00:00,2030-11-15 08:00:00,2030-11-14 08:00:00,60,160057.0271,4457574.499,-5611727.539,1924.364937,5498.891327,4696.678578,7,20,20,1,0,2.2
37,Debris37,2030-11-14 08:00:00,2030-11-15 08:00:00,2030-11-14 08:00:00,60,77264.12901,-3233276.093,6325075.471,-2150.084445,-6459.87469,-3201.473264,7,20,20,1,0,2.2
38,Debris38,2030-11-14 08:00:00,2030-11-15 08:00:00,2030-11-14 08:00:00,60,-1890019.213,-6874778.632,-886922.3463,-783.491371,1098.503764,-7303.433421,7,20,20,1,0,2.2
39,Debris39,2030-11-14 08:00:00,2030-11-15 08:00:00,2030-11-14 08:00:00,60,76535.32723,-3487744.107,6330380.995,-2023.100332,-6333.3017,-3235.292869,7,20,20,1,0,2.2
40,Debris40,2030-11-14 08:00:00,2030-11-15 08:00:00,2030-11-14 08:00:00,60,-1363597.698,-6602304.539,2388561.903,-1595.910494,-2263.248473,-6932.868709,7,20,20,1,0,2.2
41,Debris41,2030-11-14 08:00:00,2030-11-15 08:00:00,2030-11-14 08:00:00,60,-918654.8127,-5927960.862,4010525.874,-1895.848917,-4005.244487,-6005.227176,7,20,20,1,0,2.2
42,Debris42,2030-11-14 08:00:00,2030-11-15 08:00:00,2030-11-14 08:00:00,60,-196293.2529,3184858.516,-6335177.131,1980.515788,6461.886649,3261.127592,7,20,20,1,0,2.2
43,Debris43,2030-11-14 08:00:00,2030-11-15 08:00:00,2030-11-14 08:00:00,60,-759853.3063000001,-5573893.59,4493875.738,-1945.001249,-4418.872096,-5633.111045,7,20,20,1,0,2.2
44,Debris44,2030-11-14 08:00:00,2030-11-15 08:00:00,2030-11-14 08:00:00,60,1355185.63,6567233.738,-2189525.75,1550.226354,2025.084069,7093.881707,7,20,20,1,0,2.2
45,Debris45,2030-11-14 08:00:00,2030-11-15 08:00:00,2030-11-14 08:00:00,60,-790985.1118,899148.972,-7040726.622,1962.153502,7156.87486,729.657703,7,20,20,1,0,2.2
46,Debris46,2030-11-14 08:00:00,2030-11-15 08:00:00,2030-11-14 08:00:00,60,1296890.656,6674980.143,-1911376.799,1469.932497,1750.86658,7172.654173,7,20,20,1,0,2.2
47,Debris47,2030-11-14 08:00:00,2030-11-15 08:00:00,2030-11-14 08:00:00,60,1873416.174,4359449.348,5209543.262,-705.957354,-5643.579657,5033.302322,7,20,20,1,0,2.2
48,Debris48,2030-11-14 08:00:00,2030-11-15 08:00:00,2030-11-14 08:00:00,60,2005877.169,5164384.62,4484094.035,-481.839242,-5034.419964,5715.030547,7,20,20,1,0,2.2
49,Debris49,2030-11-14 08:00:00,2030-11-15 08:00:00,2030-11-14 08:00:00,60,-596298.5727,2034196.905,-7775480.398,1930.408869,6300.599836,1762.258128,7,20,20,1,0,2.2
50,Debris50,2030-11-14 08:00:00,2030-11-15 08:00:00,2030-11-14 08:00:00,60,-873188.5773,-5724700.057,4203354.125,-1934.292525,-4146.413406,-5898.215578,7,20,20,1,0,2.2
51,Debris51,2030-11-14 08:00:00,2030-11-15 08:00:00,2030-11-14 08:00:00,60,-2173951.905,-9074596.5,393226.5744,-1374.082233,-1767.843354,-6259.262422,7,20,20,1,0,2.2
52,Debris52,2030-11-14 08:00:00,2030-11-15 08:00:00,2030-11-14 08:00:00,60,144809.0837,3886177.461,-5899762.32,2133.012503,5965.944164,4072.495202,7,20,20,1,0,2.2
53,Debris53,2030-11-14 08:00:00,2030-11-15 08:00:00,2030-11-14 08:00:00,60,-760975.7998,1219808.824,-7446914.538,1952.118898,6779.118121,1061.734855,7,20,20,1,0,2.2
54,Debris54,2030-11-14 08:00:00,2030-11-15 08:00:00,2030-11-14 08:00:00,60,729396.6096,5521144.309,-4413658.217,1927.336608,4341.035178,5787.39692,7,20,20,1,0,2.2
55,Debris55,2030-11-14 08:00:00,2030-11-15 08:00:00,2030-11-14 08:00:00,60,-1832631.312,-7160318.917,95386.05276999999,-1049.839533,6.184201,-7202.752932,7,20,20,1,0,2.2
56,Debris56,2030-11-14 08:00:00,2030-11-15 08:00:00,2030-11-14 08:00:00,60,-1655692.778,-7031696.958,239226.356,-1085.210743,-46.887574,-7303.381282,7,20,20,1,0,2.2
57,Debris57,2030-11-14 08:00:00,2030-11-15 08:00:00,2030-11-14 08:00:00,60,-1895279.351,-7072268.008,-295991.4523,-959.97839,377.959166,-7270.082,7,20,20,1,0,2.2
58,Debris58,2030-11-14 08:00:00,2030-11-15 08:00:00,2030-11-14 08:00:00,60,602129.4622,-1724256.588,6879278.27,-1934.848437,-7167.501584,-1488.141242,7,20,20,1,0,2.2
59,Debris59,2030-11-14 08:00:00,2030-11-15 08:00:00,2030-11-14 08:00:00,60,1514484.518,2163631.006,6567795.2,-1422.607737,-7131.978153,2640.338536,7,20,20,1,0,2.2
60,Debris60,2030-11-14 08:00:00,2030-11-15 08:00:00,2030-11-14 08:00:00,60,191390.5194,-2945845.189,6488945.045,-2108.296018,-6614.926607,-2831.024874,7,20,20,1,0,2.2
61,Debris61,2030-11-14 08:00:00,2030-11-15 08:00:00,2030-11-14 08:00:00,60,1983512.33,5506334.45,3982393.541,-227.410558,-4413.794149,6136.987677,7,20,20,1,0,2.2
62,Debris62,2030-11-14 08:00:00,2030-11-15 08:00:00,2030-11-14 08:00:00,60,-85915.31974000001,3728168.028,-7198190.274,1958.66614,5585.188854,3435.646924,7,20,20,1,0,2.2
63,Debris63,2030-11-14 08:00:00,2030-11-15 08:00:00,2030-11-14 08:00:00,60,1754374.832,3483948.273,5902688.817,-1040.239021,-6378.383625,4042.883634,7,20,20,1,0,2.2
64,Debris64,2030-11-14 08:00:00,2030-11-15 08:00:00,2030-11-14 08:00:00,60,-184744.386,-4095445.437,5911967.001,-2135.118669,-6065.812891,-3955.978767,7,20,20,1,0,2.2
65,Debris65,2030-11-14 08:00:00,2030-11-15 08:00:00,2030-11-14 08:00:00,60,-691537.6861,-5441620.826,4730402.559,-1988.547999,-4717.814974,-5392.997717,7,20,20,1,0,2.2
66,Debris66,2030-11-14 08:00:00,2030-11-15 08:00:00,2030-11-14 08:00:00,60,520896.7695,-1859541.822,6831077.307,-2049.703173,-7045.759594,-1694.363656,7,20,20,1,0,2.2
67,Debris67,2030-11-14 08:00:00,2030-11-15 08:00:00,2030-11-14 08:00:00,60,807903.138,5936093.743,-5567827.24,1836.956228,3872.209468,5337.574052,7,20,20,1,0,2.2
68,Debris68,2030-11-14 08:00:00,2030-11-15 08:00:00,2030-11-14 08:00:00,60,-1832243.662,-3794644.717,-5820943.288,953.099611,6029.917353,-4213.026023,7,20,20,1,0,2.2
69,Debris69,2030-11-14 08:00:00,2030-11-15 08:00:00,2030-11-14 08:00:00,60,758365.1725,-1272032.315,6947609.739,-1732.586811,-7248.309612,-1053.738472,7,20,20,1,0,2.2
70,Debris70,2030-11-14 08:00:00,2030-11-15 08:00:00,2030-11-14 08:00:00,60,-1630227.352,-3368034.814,-6132897.541,805.456404,6386.607596,-3687.379488,7,20,20,1,0,2.2
71,Debris71,2030-11-14 08:00:00,2030-11-15 08:00:00,2030-11-14 08:00:00,60,477800.9168,-2009220.947,6895424.933,-2053.359088,-6948.638609,-1631.664231,7,20,20,1,0,2.2
72,Debris72,2030-11-14 08:00:00,2030-11-15 08:00:00,2030-11-14 08:00:00,60,661194.3548,-1400065.844,6929951.43,-1976.488604,-7168.225005,-1184.328734,7,20,20,1,0,2.2
73,Debris73,2030-11-14 08:00:00,2030-11-15 08:00:00,2030-11-14 08:00:00,60,-1887506.183,-7084132.806,-690777.9846,-863.243316,765.850921,-7214.314462,7,20,20,1,0,2.2
74,Debris74,2030-11-14 08:00:00,2030-11-15 08:00:00,2030-11-14 08:00:00,60,-918257.6544,433840.4369,-7076686.617,1890.476574,7202.478397,222.388337,7,20,20,1,0,2.2
75,Debris75,2030-11-14 08:00:00,2030-11-15 08:00:00,2030-11-14 08:00:00,60,-1032561.61,-6120926.921,3579959.826,-1812.266902,-3496.890248,-6327.533973,7,20,20,1,0,2.2
76,Debris76,2030-11-14 08:00:00,2030-11-15 08:00:00,2030-11-14 08:00:00,60,-1296183.135,-6805690.723,1781193.039,-1438.253091,-1672.439561,-7130.197928,7,20,20,1,0,2.2
77,Debris77,2030-11-14 08:00:00,2030-11-15 08:00:00,2030-11-14 08:00:00,60,-784368.1696,-5650150.468,4512286.087,-1982.470929,-4560.360636,-5570.513183,7,20,20,1,0,2.2
78,Debris78,2030-11-14 08:00:00,2030-11-15 08:00:00,2030-11-14 08:00:00,60,939755.2012,5851111.941,-4101209.664,1886.611381,3796.93288,6115.077556,7,20,20,1,0,2.2
79,Debris79,2030-11-14 08:00:00,2030-11-15 08:00:00,2030-11-14 08:00:00,60,-1479650.508,-7053221.681,2706361.05,-1699.694455,-2842.873705,-6441.637761,7,20,20,1,0,2.2
80,Debris80,2030-11-14 08:00:00,2030-11-15 08:00:00,2030-11-14 08:00:00,60,-1801853.076,-3712734.133,-5890624.432,952.635344,6105.888106,-4089.86617,7,20,20,1,0,2.2
81,Debris81,2030-11-14 08:00:00,2030-11-15 08:00:00,2030-11-14 08:00:00,60,-2065342.883,-6828970.254,-2011608.014,-477.725302,2059.495905,-6940.09809,7,20,20,1,0,2.2
82,Debris82,2030-11-14 08:00:00,2030-11-15 08:00:00,2030-11-14 08:00:00,60,2249498.285,6789461.611,2331200.908,60.214651,-3342.953518,6847.226804,7,20,20,1,0,2.2
83,Debris83,2030-11-14 08:00:00,2030-11-15 08:00:00,2030-11-14 08:00:00,60,-2024067.065,-5700307.836,-3876240.535,150.350682,4108.109493,-6180.808413,7,20,20,1,0,2.2
84,Debris84,2030-11-14 08:00:00,2030-11-15 08:00:00,2030-11-14 08:00:00,60,987691.7858,6038091.258,-3435826.799,1792.631713,3381.704202,6542.1015,7,20,20,1,0,2.2
85,Debris85,2030-11-14 08:00:00,2030-11-15 08:00:00,2030-11-14 08:00:00,60,1883246.219,6680306.153,1619965.003,561.780449,-2018.655431,7217.850047,7,20,20,1,0,2.2
86,Debris86,2030-11-14 08:00:00,2030-11-15 08:00:00,2030-11-14 08:00:00,60,150604.37,4395772.092,-6254051.011,1943.106842,5389.336638,4251.052033,7,20,20,1,0,2.2
87,Debris87,2030-11-14 08:00:00,2030-11-15 08:00:00,2030-11-14 08:00:00,60,-287014.2868,2695698.701,-6810218.776,2083.045584,6514.969048,2611.194982,7,20,20,1,0,2.2
88,Debris88,2030-11-14 08:00:00,2030-11-15 08:00:00,2030-11-14 08:00:00,60,-1176731.506,-6413209.697,3342385.531,-1798.638363,-3344.493195,-6364.27207,7,20,20,1,0,2.2
89,Debris89,2030-11-14 08:00:00,2030-11-15 08:00:00,2030-11-14 08:00:00,60,-1408752.446,-6917882.828,2271941.123,-1563.164033,-2250.961347,-6788.070057,7,20,20,1,0,2.2
90,Debris90,2030-11-14 08:00:00,2030-11-15 08:00:00,2030-11-14 08:00:00,60,1266429.666,1007558.809,6896295.279,-1616.390004,-7410.305565,1495.736175,7,20,20,1,0,2.2
91,Debris91,2030-11-14 08:00:00,2030-11-15 08:00:00,2030-11-14 08:00:00,60,-1928973.155,-4485898.185,-5301534.841,714.262344,5519.427275,-4870.943135,7,20,20,1,0,2.2
92,Debris92,2030-11-14 08:00:00,2030-11-15 08:00:00,2030-11-14 08:00:00,60,393503.8341,4563094.112,-5214861.878,2096.260926,5376.712778,5043.607053,7,20,20,1,0,2.2
93,Debris93,2030-11-14 08:00:00,2030-11-15 08:00:00,2030-11-14 08:00:00,60,1984755.42,5969002.563,3455651.181,-45.374198,-4013.655942,6432.797645,7,20,20,1,0,2.2
94,Debris94,2030-11-14 08:00:00,2030-11-15 08:00:00,2030-11-14 08:00:00,60,1469030.035,1910304.199,6652459.329,-1493.718286,-7012.44386,2399.440423,7,20,20,1,0,2.2
95,Debris95,2030-11-14 08:00:00,2030-11-15 08:00:00,2030-11-14 08:00:00,60,1712153.905,6764400.044,-338402.4612,1121.455814,107.9649,7524.595026,7,20,20,1,0,2.2
96,Debris96,2030-11-14 08:00:00,2030-11-15 08:00:00,2030-11-14 08:00:00,60,-1100907.691,-276591.115,-7053496.035,1726.65513,7236.944201,-482.361624,7,20,20,1,0,2.2
97,Debris97,2030-11-14 08:00:00,2030-11-15 08:00:00,2030-11-14 08:00:00,60,-2207712.347,-6145097.791,-4030411.982,114.251148,3743.25268,-5985.445377,7,20,20,1,0,2.2
98,Debris98,2030-11-14 08:00:00,2030-11-15 08:00:00,2030-11-14 08:00:00,60,1506859.027,6853930.664,-1070400.862,1271.16717,752.723299,7403.073905,7,20,20,1,0,2.2
99,Debris99,2030-11-14 08:00:00,2030-11-15 08:00:00,2030-11-14 08:00:00,60,-1809587.574,-7288726.245,615211.9558,-1189.479142,-597.714502,-7077.090042,7,20,20,1,0,2.2
100,Debris100,2030-11-14 08:00:00,2030-11-15 08:00:00,2030-11-14 08:00:00,60,1853679.039,3848741.936,5651121.633,-1009.673322,-6180.251597,4435.841674,7,20,20,1,0,2.2
101,Debris101,2030-11-14 08:00:00,2030-11-15 08:00:00,2030-11-14 08:00:00,60,286849.0683,4322178.144,-5621021.476,2094.619208,5629.708525,4489.683464,7,20,20,1,0,2.2
102,Debris102,2030-11-14 08:00:00,2030-11-15 08:00:00,2030-11-14 08:00:00,60,-1852181.358,-3336930.198,-6652795.709,1133.411974,6118.231183,-3331.859822,7,20,20,1,0,2.2
103,Debris103,2030-11-14 08:00:00,2030-11-15 08:00:00,2030-11-14 08:00:00,60,1513706.086,6808304.136,-1655188.938,1391.609334,1308.349756,7229.418462,7,20,20,1,0,2.2
104,Debris104,2030-11-14 08:00:00,2030-11-15 08:00:00,2030-11-14 08:00:00,60,-2131150.05,-6027044.905,-3793819.259,89.330561,3771.088226,-6169.272068,7,20,20,1,0,2.2
105,Debris105,2030-11-14 08:00:00,2030-11-15 08:00:00,2030-11-14 08:00:00,60,1230517.091,6633257.122,-2044224.661,1494.972986,1905.444227,7143.811836,7,20,20,1,0,2.2
106,Debris106,2030-11-14 08:00:00,2030-11-15 08:00:00,2030-11-14 08:00:00,60,56170.72967,3691489.527,-6073505.288,2109.60706,6109.343086,3782.081505,7,20,20,1,0,2.2
107,Debris107,2030-11-14 08:00:00,2030-11-15 08:00:00,2030-11-14 08:00:00,60,1819595.351,3842003.468,5662738.464,-934.4453150000001,-6080.717991,4390.071234,7,20,20,1,0,2.2
108,Debris108,2030-11-14 08:00:00,2030-11-15 08:00:00,2030-11-14 08:00:00,60,842905.2726,-761636.4024,7199034.353,-1930.903021,-7266.436436,200.956258,7,20,20,1,0,2.2
109,Debris109,2030-11-14 08:00:00,2030-11-15 08:00:00,2030-11-14 08:00:00,60,503910.0543,4868194.483,-5056988.255,2055.318037,5088.631355,5200.076853,7,20,20,1,0,2.2
110,Debris110,2030-11-14 08:00:00,2030-11-15 08:00:00,2030-11-14 08:00:00,60,543294.7333,5087062.409,-5360607.598,1998.877726,4803.719851,5118.654568,7,20,20,1,0,2.2
111,Debris111,2030-11-14 08:00:00,2030-11-15 08:00:00,2030-11-14 08:00:00,60,-800526.6281,-5834858.157,4513116.125,-1866.5455,-4240.671598,-5503.131823,7,20,20,1,0,2.2
112,Debris112,2030-11-14 08:00:00,2030-11-15 08:00:00,2030-11-14 08:00:00,60,1555726.069,6860367.713,-685272.5037999999,1188.74667,366.657178,7478.203542,7,20,20,1,0,2.2
113,Debris113,2030-11-14 08:00:00,2030-11-15 08:00:00,2030-11-14 08:00:00,60,-1682364.192,-2911828.709,-6349179.456,1235.846219,6551.170497,-3250.834335,7,20,20,1,0,2.2
114,Debris114,2030-11-14 08:00:00,2030-11-15 08:00:00,2030-11-14 08:00:00,60,-452286.857,-4993700.559,5550708.234,-1969.497034,-5214.758472,-4454.240117,7,20,20,1,0,2.2
115,Debris115,2030-11-14 08:00:00,2030-11-15 08:00:00,2030-11-14 08:00:00,60,1644524.376,6827072.169,-931053.9368,1238.703305,597.053357,7438.485817,7,20,20,1,0,2.2
116,Debris116,2030-11-14 08:00:00,2030-11-15 08:00:00,2030-11-14 08:00:00,60,1671061.184,3656928.186,5819316.419,-763.181125,-6274.19558,4158.146695,7,20,20,1,0,2.2
117,Debris117,2030-11-14 08:00:00,2030-11-15 08:00:00,2030-11-14 08:00:00,60,-606941.6783,1827088.946,-7331632.998,1943.247307,6666.650811,1649.720548,7,20,20,1,0,2.2
118,Debris118,2030-11-14 08:00:00,2030-11-15 08:00:00,2030-11-14 08:00:00,60,-534060.0699999999,1825749.895,-6862805.198,2037.658027,6976.002119,1755.925008,7,20,20,1,0,2.2
119,Debris119,2030-11-14 08:00:00,2030-11-15 08:00:00,2030-11-14 08:00:00,60,740748.6314,5499497.5,-4369797.969,1940.695242,4331.569361,5848.241874,7,20,20,1,0,2.2
120,Debris120,2030-11-14 08:00:00,2030-11-15 08:00:00,2030-11-14 08:00:00,60,1287918.689,1127143.852,6869750.823,-1592.106006,-7228.169948,1515.788059,7,20,20,1,0,2.2
121,Debris121,2030-11-14 08:00:00,2030-11-15 08:00:00,2030-11-14 08:00:00,60,-695064.6142,-5447374.403,4567668.77,-1959.263474,-4556.225799,-5597.692051,7,20,20,1,0,2.2
122,Debris122,2030-11-14 08:00:00,2030-11-15 08:00:00,2030-11-14 08:00:00,60,588257.5713,-2805487.31,6558818.887,-1476.808019,-7044.371302,-2592.150483,7,20,20,1,0,2.2
123,Debris123,2030-11-14 08:00:00,2030-11-15 08:00:00,2030-11-14 08:00:00,60,-531662.094,-5132692.411,5102728.114,-1981.817914,-5004.62713,-5021.119537,7,20,20,1,0,2.2
124,Debris124,2030-11-14 08:00:00,2030-11-15 08:00:00,2030-11-14 08:00:00,60,-1363109.991,-7063601.319,3047091.659,-1771.130064,-3320.462452,-6221.39197,7,20,20,1,0,2.2
125,Debris125,2030-11-14 08:00:00,2030-11-15 08:00:00,2030-11-14 08:00:00,60,-1557841.87,-2378933.535,-6590097.151,1317.918211,6816.53791,-2628.365305,7,20,20,1,0,2.2
126,Debris126,2030-11-14 08:00:00,2030-11-15 08:00:00,2030-11-14 08:00:00,60,-1012805.352,-6028594.708,3732275.039,-1850.669042,-3651.409673,-6232.86404,7,20,20,1,0,2.2
127,Debris127,2030-11-14 08:00:00,2030-11-15 08:00:00,2030-11-14 08:00:00,60,-1106904.567,-302585.9426,-7062019.545,1758.150892,7212.966723,-557.81323,7,20,20,1,0,2.2
128,Debris128,2030-11-14 08:00:00,2030-11-15 08:00:00,2030-11-14 08:00:00,60,1423367.798,1710576.443,6718927.39,-1534.306528,-7145.92525,2147.278589,7,20,20,1,0,2.2
129,Debris129,2030-11-14 08:00:00,2030-11-15 08:00:00,2030-11-14 08:00:00,60,-942514.2781,485821.0281,-7260815.529,1826.374569,7073.037447,403.294716,7,20,20,1,0,2.2
130,Debris130,2030-11-14 08:00:00,2030-11-15 08:00:00,2030-11-14 08:00:00,60,-619318.9245,1531460.542,-6947012.489,2010.367889,7043.029458,1400.907953,7,20,20,1,0,2.2
131,Debris131,2030-11-14 08:00:00,2030-11-15 08:00:00,2030-11-14 08:00:00,60,-1381382.522,-974408.7306,-7699769.241,1603.701496,6651.757086,-1028.306943,7,20,20,1,0,2.2
132,Debris132,2030-11-14 08:00:00,2030-11-15 08:00:00,2030-11-14 08:00:00,60,-271803.6812,-4702342.396,5628904.186,-1952.819657,-5572.210657,-4360.173765,7,20,20,1,0,2.2
133,Debris133,2030-11-14 08:00:00,2030-11-15 08:00:00,2030-11-14 08:00:00,60,-1992393.008,-4932259.011,-4867064.962,548.576963,5086.894785,-5338.487341,7,20,20,1,0,2.2
134,Debris134,2030-11-14 08:00:00,2030-11-15 08:00:00,2030-11-14 08:00:00,60,-1586898.552,-2056222.443,-7192856.721,1410.402433,6596.821237,-2142.307141,7,20,20,1,0,2.2
135,Debris135,2030-11-14 08:00:00,2030-11-15 08:00:00,2030-11-14 08:00:00,60,-1008221.595,-5993887.151,3788815.049,-1866.047692,-3707.051992,-6195.537936,7,20,20,1,0,2.2
136,Debris136,2030-11-14 08:00:00,2030-11-15 08:00:00,2030-11-14 08:00:00,60,351790.5444,-2447455.908,6667474.324,-2076.922794,-6843.168969,-2315.996083,7,20,20,1,0,2.2
137,Debris137,2030-11-14 08:00:00,2030-11-15 08:00:00,2030-11-14 08:00:00,60,1535248.274,2268508.993,6521848.79,-1380.130983,-6963.260864,2777.53648,7,20,20,1,0,2.2
138,Debris138,2030-11-14 08:00:00,2030-11-15 08:00:00,2030-11-14 08:00:00,60,150742.7497,-3912605.241,6315308.977,-1762.782186,-6211.895764,-3296.819127,7,20,20,1,0,2.2
139,Debris139,2030-11-14 08:00:00,2030-11-15 08:00:00,2030-11-14 08:00:00,60,-565819.2726,-5049702.41,5093413.496,-2066.152415,-5129.806325,-5046.761918,7,20,20,1,0,2.2
140,Debris140,2030-11-14 08:00:00,2030-11-15 08:00:00,2030-11-14 08:00:00,60,1253249.266,933030.427,6913773.628,-1720.053122,-7270.054308,1427.547536,7,20,20,1,0,2.2
141,Debris141,2030-11-14 08:00:00,2030-11-15 08:00:00,2030-11-14 08:00:00,60,680641.9268,5419099.446,-4535470.86,1942.870894,4478.375626,5686.048903,7,20,20,1,0,2.2
142,Debris142,2030-11-14 08:00:00,2030-11-15 08:00:00,2030-11-14 08:00:00,60,348571.5287,-2655137.059,6744593.555,-1960.069467,-6736.67313,-2242.209714,7,20,20,1,0,2.2
143,Debris143,2030-11-14 08:00:00,2030-11-15 08:00:00,2030-11-14 08:00:00,60,-823979.3961,815514.6719,-7015991.113,1897.325753,7207.698011,728.32293,7,20,20,1,0,2.2
144,Debris144,2030-11-14 08:00:00,2030-11-15 08:00:00,2030-11-14 08:00:00,60,1181069.261,6641359.728,-4001681.992,1663.58065,2798.205201,6281.579377,7,20,20,1,0,2.2
145,Debris145,2030-11-14 08:00:00,2030-11-15 08:00:00,2030-11-14 08:00:00,60,-83638.44617,-4008330.798,6166283.751,-2001.72234,-5996.005451,-3576.747012,7,20,20,1,0,2.2
146,Debris146,2030-11-14 08:00:00,2030-11-15 08:00:00,2030-11-14 08:00:00,60,1668980.581,6809574.757,-612960.1433,1181.769289,378.898513,7450.747729,7,20,20,1,0,2.2
147,Debris147,2030-11-14 08:00:00,2030-11-15 08:00:00,2030-11-14 08:00:00,60,1681648.595,3011596.234,6156680.059,-1181.434606,-6551.957752,3627.262804,7,20,20,1,0,2.2
148,Debris148,2030-11-14 08:00:00,2030-11-15 08:00:00,2030-11-14 08:00:00,60,-150903.7838,3110909.37,-6624087.489,2098.757739,6325.720063,3053.585025,7,20,20,1,0,2.2
149,Debris149,2030-11-14 08:00:00,2030-11-15 08:00:00,2030-11-14 08:00:00,60,-413133.6597,-5556200.719,4670180.74,-1744.8621,-4627.721948,-5433.126295,7,20,20,1,0,2.2
150,Debris150,2030-11-14 08:00:00,2030-11-15 08:00:00,2030-11-14 08:00:00,60,746293.6899999999,5460640.551,-4725308.226,1969.23277,4396.328209,5601.382278,7,20,20,1,0,2.2
151,Debris151,2030-11-14 08:00:00,2030-11-15 08:00:00,2030-11-14 08:00:00,60,-1995953.912,-5886790.429,-3624009.906,33.828259,3856.548085,-6329.726568,7,20,20,1,0,2.2
152,Debris152,2030-11-14 08:00:00,2030-11-15 08:00:00,2030-11-14 08:00:00,60,-1472207.062,-1722784.674,-7036616.973,1511.502803,6865.940309,-1827.624574,7,20,20,1,0,2.2
153,Debris153,2030-11-14 08:00:00,2030-11-15 08:00:00,2030-11-14 08:00:00,60,-1342801.94,-994197.182,-7431728.641,1610.817012,6841.948444,-1036.632883,7,20,20,1,0,2.2
154,Debris154,2030-11-14 08:00:00,2030-11-15 08:00:00,2030-11-14 08:00:00,60,-2123301.801,-6627879.665,-2648138.46,-274.903424,2673.441482,-6701.292449,7,20,20,1,0,2.2
155,Debris155,2030-11-14 08:00:00,2030-11-15 08:00:00,2030-11-14 08:00:00,60,-2042721.014,-5555674.87,-4193404.212,283.612776,4416.002601,-5868.335524,7,20,20,1,0,2.2
156,Debris156,2030-11-14 08:00:00,2030-11-15 08:00:00,2030-11-14 08:00:00,60,-886778.5231,-5827309.602,4122214.748,-1897.032142,-4036.356783,-5937.391425,7,20,20,1,0,2.2
157,Debris157,2030-11-14 08:00:00,2030-11-15 08:00:00,2030-11-14 08:00:00,60,1795161.215,7013641.985,-304982.5217,1014.041532,-278.812805,7443.106078,7,20,20,1,0,2.2
158,Debris158,2030-11-14 08:00:00,2030-11-15 08:00:00,2030-11-14 08:00:00,60,-140616.8175,-4004904.35,5940498.386,-2082.580299,-5982.442114,-3935.611806,7,20,20,1,0,2.2
159,Debris159,2030-11-14 08:00:00,2030-11-15 08:00:00,2030-11-14 08:00:00,60,-2016289.294,-5896375.4,-3681910.525,67.101727,3909.787663,-6244.052322,7,20,20,1,0,2.2
160,Debris160,2030-11-14 08:00:00,2030-11-15 08:00:00,2030-11-14 08:00:00,60,-153376.0039,3738486.224,-6201417.154,1834.00727,6071.135397,3828.845358,7,20,20,1,0,2.2
161,Debris161,2030-11-14 08:00:00,2030-11-15 08:00:00,2030-11-14 08:00:00,60,-1755000.245,-3316809.555,-6122479.885,1107.344858,6323.323137,-3724.965552,7,20,20,1,0,2.2
162,Debris162,2030-11-14 08:00:00,2030-11-15 08:00:00,2030-11-14 08:00:00,60,-2159150.187,-6966451.347,-2382882.8,-397.541959,2230.549769,-6690.355975,7,20,20,1,0,2.2
163,Debris163,2030-11-14 08:00:00,2030-11-15 08:00:00,2030-11-14 08:00:00,60,421995.0827,4762201.261,-5334004.188,2037.808726,5153.498399,5036.391958,7,20,20,1,0,2.2
164,Debris164,2030-11-14 08:00:00,2030-11-15 08:00:00,2030-11-14 08:00:00,60,-1946536.569,-7062554.569,-962375.6674,-781.677853,1037.276798,-7163.569419,7,20,20,1,0,2.2
165,Debris165,2030-11-14 08:00:00,2030-11-15 08:00:00,2030-11-14 08:00:00,60,-328953.9794,2505497.528,-6665894.545,2085.14932,6734.564497,2463.96879,7,20,20,1,0,2.2
166,Debris166,2030-11-14 08:00:00,2030-11-15 08:00:00,2030-11-14 08:00:00,60,87833.69269,-3366777.441,6286031.926,-2068.311998,-6407.118465,-3292.211881,7,20,20,1,0,2.2
167,Debris167,2030-11-14 08:00:00,2030-11-15 08:00:00,2030-11-14 08:00:00,60,-1625875.045,-2806351.323,-6937611.614,922.924097,6435.535125,-2774.182797,7,20,20,1,0,2.2
168,Debris168,2030-11-14 08:00:00,2030-11-15 08:00:00,2030-11-14 08:00:00,60,-500229.4167,1847315.475,-6758425.675,2114.259327,7005.002015,1974.342148,7,20,20,1,0,2.2
169,Debris169,2030-11-14 08:00:00,2030-11-15 08:00:00,2030-11-14 08:00:00,60,1121005.378,6178059.333,-2985057.648,1740.179771,2942.25441,6841.613741,7,20,20,1,0,2.2
170,Debris170,2030-11-14 08:00:00,2030-11-15 08:00:00,2030-11-14 08:00:00,60,-456407.1805,3329395.028,-9432205.742000001,1748.361408,5003.279647,2415.517525,7,20,20,1,0,2.2
171,Debris171,2030-11-14 08:00:00,2030-11-15 08:00:00,2030-11-14 08:00:00,60,-18832.03523,3597709.209,-6357437.955,2061.353051,6074.794452,3578.030795,7,20,20,1,0,2.2
172,Debris172,2030-11-14 08:00:00,2030-11-15 08:00:00,2030-11-14 08:00:00,60,-2048593.185,-5627669.265,-4025239.538,226.424727,4250.860452,-6040.557281,7,20,20,1,0,2.2
173,Debris173,2030-11-14 08:00:00,2030-11-15 08:00:00,2030-11-14 08:00:00,60,421738.7454,4618329.496,-5313015.353,2094.674859,5342.201927,4899.254097,7,20,20,1,0,2.2
174,Debris174,2030-11-14 08:00:00,2030-11-15 08:00:00,2030-11-14 08:00:00,60,-1012915.644,-6180901.654,3873457.188,-1804.504129,-3636.344879,-6005.79096,7,20,20,1,0,2.2
175,Debris175,2030-11-14 08:00:00,2030-11-15 08:00:00,2030-11-14 08:00:00,60,-62708.9131,-4007076.806,6001997.167,-1987.366368,-6015.083742,-3833.569293,7,20,20,1,0,2.2
176,Debris176,2030-11-14 08:00:00,2030-11-15 08:00:00,2030-11-14 08:00:00,60,1942378.462,4962339.608,4710045.516,-517.223254,-5267.56348,5519.129668,7,20,20,1,0,2.2
177,Debris177,2030-11-14 08:00:00,2030-11-15 08:00:00,2030-11-14 08:00:00,60,-1305836.997,-1139252.598,-6946121.756,1637.242828,7117.950837,-1424.973086,7,20,20,1,0,2.2
178,Debris178,2030-11-14 08:00:00,2030-11-15 08:00:00,2030-11-14 08:00:00,60,-1781018.476,-6978784.19,88264.55065999999,-1039.91287,113.01226,-7335.186698,7,20,20,1,0,2.2
179,Debris179,2030-11-14 08:00:00,2030-11-15 08:00:00,2030-11-14 08:00:00,60,162786.5994,-3347497.676,6382252.19,-1959.474365,-6436.261828,-3115.229579,7,20,20,1,0,2.2
180,Debris180,2030-11-14 08:00:00,2030-11-15 08:00:00,2030-11-14 08:00:00,60,695434.6255,-1220649.384,6973396.329,-2057.244158,-7298.059756,-910.391581,7,20,20,1,0,2.2
181,Debris181,2030-11-14 08:00:00,2030-11-15 08:00:00,2030-11-14 08:00:00,60,684292.0718,-1271126.659,6980751.263,-2050.756693,-7281.824927,-925.170852,7,20,20,1,0,2.2
182,Debris182,2030-11-14 08:00:00,2030-11-15 08:00:00,2030-11-14 08:00:00,60,661149.1231,-1430892.162,6980546.5,-2109.299301,-7615.912536,-933.929062,7,20,20,1,0,2.2
183,Debris183,2030-11-14 08:00:00,2030-11-15 08:00:00,2030-11-14 08:00:00,60,1991595.941,5137011.205,4477081.418,-457.944722,-4968.012293,5734.041077,7,20,20,1,0,2.2
184,Debris184,2030-11-14 08:00:00,2030-11-15 08:00:00,2030-11-14 08:00:00,60,-1949397.012,-7555064.373,687698.143,-1233.4896,-844.61649,-6889.372255,7,20,20,1,0,2.2
185,Debris185,2030-11-14 08:00:00,2030-11-15 08:00:00,2030-11-14 08:00:00,60,1182485.539,611170.3918,6973961.391,-1798.595226,-7465.825013,1206.714418,7,20,20,1,0,2.2
186,Debris186,2030-11-14 08:00:00,2030-11-15 08:00:00,2030-11-14 08:00:00,60,-1091069.608,-179195.2435,-7174375.993,1869.071481,7155.610988,-40.769758,7,20,20,1,0,2.2
187,Debris187,2030-11-14 08:00:00,2030-11-15 08:00:00,2030-11-14 08:00:00,60,-943394.0024,-6061897.8,3651179.047,-1805.296173,-3608.046839,-6300.040792,7,20,20,1,0,2.2
188,Debris188,2030-11-14 08:00:00,2030-11-15 08:00:00,2030-11-14 08:00:00,60,-2115904.544,-6518797.283,-2864088.887,-216.585691,2881.135246,-6636.68562,7,20,20,1,0,2.2
189,Debris189,2030-11-14 08:00:00,2030-11-15 08:00:00,2030-11-14 08:00:00,60,1158756.753,6229041.866,-3060829.97,1740.756515,2951.826529,6736.696663,7,20,20,1,0,2.2
190,Debris190,2030-11-14 08:00:00,2030-11-15 08:00:00,2030-11-14 08:00:00,60,-701719.0303,-5404704.931,4713433.377,-2009.557291,-4730.38691,-5427.742134,7,20,20,1,0,2.2
191,Debris191,2030-11-14 08:00:00,2030-11-15 08:00:00,2030-11-14 08:00:00,60,1882986.866,4263761.58,5331469.999,-788.910871,-5754.271084,4835.795586,7,20,20,1,0,2.2
192,Debris192,2030-11-14 08:00:00,2030-11-15 08:00:00,2030-11-14 08:00:00,60,-2159100.307,-6078958.611,-4035683.739,85.14061700000001,3757.743456,-6049.981619,7,20,20,1,0,2.2
193,Debris193,2030-11-14 08:00:00,2030-11-15 08:00:00,2030-11-14 08:00:00,60,-2032454.992,-7204146.733,-1211252.67,-735.498974,1133.938212,-7023.536757,7,20,20,1,0,2.2
194,Debris194,2030-11-14 08:00:00,2030-11-15 08:00:00,2030-11-14 08:00:00,60,1423268.806,6914945.437,-1413480.993,1312.900074,973.9903890000001,7324.513126,7,20,20,1,0,2.2
195,Debris195,2030-11-14 08:00:00,2030-11-15 08:00:00,2030-11-14 08:00:00,60,-2060739.801,-7592723.321,-373343.7482,-988.575431,100.718628,-6937.483826,7,20,20,1,0,2.2
196,Debris196,2030-11-14 08:00:00,2030-11-15 08:00:00,2030-11-14 08:00:00,60,-1019077.558,846063.9713,-8545050.157,1775.80992,6172.905641,669.0246519999999,7,20,20,1,0,2.2
197,Debris197,2030-11-14 08:00:00,2030-11-15 08:00:00,2030-11-14 08:00:00,60,-1266955.809,-6619837.106,3020323.864,-1721.647731,-2991.087447,-6491.505881,7,20,20,1,0,2.2
198,Debris198,2030-11-14 08:00:00,2030-11-15 08:00:00,2030-11-14 08:00:00,60,1454432.65,6746275.708,-1929984.807,1434.150598,1400.36342,7331.063178,7,20,20,1,0,2.2
199,Debris199,2030-11-14 08:00:00,2030-11-15 08:00:00,2030-11-14 08:00:00,60,423580.8906,-2133385.438,6778010.22,-2129.545122,-7002.692894,-1932.967428,7,20,20,1,0,2.2
200,Debris200,2030-11-14 08:00:00,2030-11-15 08:00:00,2030-11-14 08:00:00,60,-1386638.013,-1177441.24,-7412411.782,1557.994026,6799.091624,-1276.000799,7,20,20,1,0,2.2
201,Debris201,2030-11-14 08:00:00,2030-11-15 08:00:00,2030-11-14 08:00:00,60,214785.6206,5040466.937,-7424817.918,1793.920449,4525.80535,4170.453671,7,20,20,1,0,2.2
202,Debris202,2030-11-14 08:00:00,2030-11-15 08:00:00,2030-11-14 08:00:00,60,1943771.765,5045649.588,4563346.596,-447.252372,-5063.950841,5683.566735,7,20,20,1,0,2.2
203,Debris203,2030-11-14 08:00:00,2030-11-15 08:00:00,2030-11-14 08:00:00,60,-1071342.306,-6482521.341,2832758.958,-1631.913827,-2763.441951,-6737.984786,7,20,20,1,0,2.2
204,Debris204,2030-11-14 08:00:00,2030-11-15 08:00:00,2030-11-14 08:00:00,60,866558.4139,-595405.3091,7025423.617,-1964.365852,-7324.504516,-257.63544,7,20,20,1,0,2.2
205,Debris205,2030-11-14 08:00:00,2030-11-15 08:00:00,2030-11-14 08:00:00,60,1291135.257,1098730.281,6876241.02,-1690.030632,-7257.575518,1555.525733,7,20,20,1,0,2.2
206,Debris206,2030-11-14 08:00:00,2030-11-15 08:00:00,2030-11-14 08:00:00,60,369076.1063,-2347776.4,6729289.062,-2097.079123,-6862.352187,-2149.174678,7,20,20,1,0,2.2
207,Debris207,2030-11-14 08:00:00,2030-11-15 08:00:00,2030-11-14 08:00:00,60,1567018.186,6739549.293,-1289216.768,1350.400455,1083.027753,7352.698797,7,20,20,1,0,2.2
208,Debris208,2030-11-14 08:00:00,2030-11-15 08:00:00,2030-11-14 08:00:00,60,-732184.2409,1112529.374,-7017336.73,1985.94614,7122.985031,952.132726,7,20,20,1,0,2.2
209,Debris209,2030-11-14 08:00:00,2030-11-15 08:00:00,2030-11-14 08:00:00,60,-809244.5973,942791.0766,-7266713.246,1944.586591,6976.384007,753.58539,7,20,20,1,0,2.2
210,Debris210,2030-11-14 08:00:00,2030-11-15 08:00:00,2030-11-14 08:00:00,60,-721790.0634,1393689.497,-7406784.167,1933.58474,6764.032114,1257.607142,7,20,20,1,0,2.2
211,Debris211,2030-11-14 08:00:00,2030-11-15 08:00:00,2030-11-14 08:00:00,60,-1485564.278,-6781368.262,1952031.021,-1486.754478,-1779.086663,-7030.825506,7,20,20,1,0,2.2
212,Debris212,2030-11-14 08:00:00,2030-11-15 08:00:00,2030-11-14 08:00:00,60,1750089.635,4687378.823,5032074.281,-413.576311,-5617.290015,5195.558706,7,20,20,1,0,2.2
213,Debris213,2030-11-14 08:00:00,2030-11-15 08:00:00,2030-11-14 08:00:00,60,1110104.759,6241014.692,-3123778.523,1730.104925,3005.906294,6679.353363,7,20,20,1,0,2.2
214,Debris214,2030-11-14 08:00:00,2030-11-15 08:00:00,2030-11-14 08:00:00,60,-118359.4319,-3834677.649,6052331.95,-2130.701636,-6084.897775,-3748.716977,7,20,20,1,0,2.2
215,Debris215,2030-11-14 08:00:00,2030-11-15 08:00:00,2030-11-14 08:00:00,60,-1966044.774,-5197686.187,-4556082.358,370.039854,4788.085893,-5656.505993,7,20,20,1,0,2.2
216,Debris216,2030-11-14 08:00:00,2030-11-15 08:00:00,2030-11-14 08:00:00,60,-1895623.737,-4749670.377,-5079496.562,533.433886,5311.065631,-5119.784672,7,20,20,1,0,2.2
217,Debris217,2030-11-14 08:00:00,2030-11-15 08:00:00,2030-11-14 08:00:00,60,2004724.784,5403290.931,4077522.105,-303.231123,-4578.057607,6111.957716,7,20,20,1,0,2.2
218,Debris218,2030-11-14 08:00:00,2030-11-15 08:00:00,2030-11-14 08:00:00,60,1430140.282,5021920.605,4719008.778,131.753729,-5338.406917,5580.265434,7,20,20,1,0,2.2
219,Debris219,2030-11-14 08:00:00,2030-11-15 08:00:00,2030-11-14 08:00:00,60,-2271687.721,-6376192.034,-4144538.387,81.742159,3596.382584,-5863.542423,7,20,20,1,0,2.2
220,Debris220,2030-11-14 08:00:00,2030-11-15 08:00:00,2030-11-14 08:00:00,60,-1472061.967,-6750569.512,1893650.206,-1484.674326,-1746.605317,-7091.223462,7,20,20,1,0,2.2
221,Debris221,2030-11-14 08:00:00,2030-11-15 08:00:00,2030-11-14 08:00:00,60,145931.1294,-3045762.366,6457080.747,-2152.884207,-6624.436347,-2901.667218,7,20,20,1,0,2.2
222,Debris222,2030-11-14 08:00:00,2030-11-15 08:00:00,2030-11-14 08:00:00,60,-1645454.847,-6934398.369,860889.4155999999,-1239.506953,-684.095007,-7299.697273,7,20,20,1,0,2.2
223,Debris223,2030-11-14 08:00:00,2030-11-15 08:00:00,2030-11-14 08:00:00,60,-1138811.027,-440580.505,-7035291.781,1713.285649,7232.74376,-632.297238,7,20,20,1,0,2.2
224,Debris224,2030-11-14 08:00:00,2030-11-15 08:00:00,2030-11-14 08:00:00,60,952586.127,6115876.7,-4576805.151,1808.892424,3554.580812,5928.841999,7,20,20,1,0,2.2
225,Debris225,2030-11-14 08:00:00,2030-11-15 08:00:00,2030-11-14 08:00:00,60,-63669.07507,3279730.134,-6294959.882,2138.535615,6356.073477,3355.460059,7,20,20,1,0,2.2
226,Debris226,2030-11-14 08:00:00,2030-11-15 08:00:00,2030-11-14 08:00:00,60,-178238.428,-4162583.601,5832342.158,-2058.302265,-5872.394397,-4106.283607,7,20,20,1,0,2.2
227,Debris227,2030-11-14 08:00:00,2030-11-15 08:00:00,2030-11-14 08:00:00,60,1941249.462,4220334.86,5449481.599,-1010.247658,-6274.774807,4689.815196,7,20,20,1,0,2.2
228,Debris228,2030-11-14 08:00:00,2030-11-15 08:00:00,2030-11-14 08:00:00,60,306626.7694,-2618991.469,6695063.839,-2065.371754,-6745.67275,-2327.400121,7,20,20,1,0,2.2
229,Debris229,2030-11-14 08:00:00,2030-11-15 08:00:00,2030-11-14 08:00:00,60,365496.6923,-2353852.441,6765938.554,-2118.434625,-6908.873934,-2057.121025,7,20,20,1,0,2.2
230,Debris230,2030-11-14 08:00:00,2030-11-15 08:00:00,2030-11-14 08:00:00,60,-277814.332,2635798.365,-6619981.599,2111.583884,6672.664612,2599.183382,7,20,20,1,0,2.2
231,Debris231,2030-11-14 08:00:00,2030-11-15 08:00:00,2030-11-14 08:00:00,60,-1637930.926,-6953511.656,1016095.827,-1267.720372,-826.658626,-7240.988494,7,20,20,1,0,2.2
232,Debris232,2030-11-14 08:00:00,2030-11-15 08:00:00,2030-11-14 08:00:00,60,-468742.0486,2311150.29,-7195280.297,1966.809063,6530.552744,2128.706557,7,20,20,1,0,2.2
233,Debris233,2030-11-14 08:00:00,2030-11-15 08:00:00,2030-11-14 08:00:00,60,2043277.906,5416487.579,4147900.362,-372.937371,-4701.672589,6007.798212,7,20,20,1,0,2.2
234,Debris234,2030-11-14 08:00:00,2030-11-15 08:00:00,2030-11-14 08:00:00,60,-1857530.986,-3828231.799,-6091283.871,920.123066,5959.838311,-3988.11151,7,20,20,1,0,2.2
235,Debris235,2030-11-14 08:00:00,2030-11-15 08:00:00,2030-11-14 08:00:00,60,-1463050.992,-1670943.91,-7058731.551,1499.943304,6840.5262,-1904.121815,7,20,20,1,0,2.2
236,Debris236,2030-11-14 08:00:00,2030-11-15 08:00:00,2030-11-14 08:00:00,60,-422089.8508,2405182.505,-6695773.187,1948.427161,6812.933546,2364.107682,7,20,20,1,0,2.2
237,Debris237,2030-11-14 08:00:00,2030-11-15 08:00:00,2030-11-14 08:00:00,60,362811.7342,-2344875.233,6696555.534,-2114.738512,-6872.415985,-2216.273199,7,20,20,1,0,2.2
238,Debris238,2030-11-14 08:00:00,2030-11-15 08:00:00,2030-11-14 08:00:00,60,1995907.833,6163787.917,2776983.669,190.518304,-3123.568221,6856.611798,7,20,20,1,0,2.2
239,Debris239,2030-11-14 08:00:00,2030-11-15 08:00:00,2030-11-14 08:00:00,60,-658258.5373,1404912.257,-6970979.686,1988.017164,7074.18513,1265.665338,7,20,20,1,0,2.2
240,Debris240,2030-11-14 08:00:00,2030-11-15 08:00:00,2030-11-14 08:00:00,60,-239407.7193,3534410.766,-8308102.888,1877.707816,5303.025784,2825.241524,7,20,20,1,0,2.2
241,Debris241,2030-11-14 08:00:00,2030-11-15 08:00:00,2030-11-14 08:00:00,60,1059465.163,6082983.039,-3426889.431,1800.249233,3322.027424,6515.633408,7,20,20,1,0,2.2
242,Debris242,2030-11-14 08:00:00,2030-11-15 08:00:00,2030-11-14 08:00:00,60,1928431.377,6159325.831,2980165.487,165.522209,-3400.532641,6719.775091,7,20,20,1,0,2.2
243,Debris243,2030-11-14 08:00:00,2030-11-15 08:00:00,2030-11-14 08:00:00,60,-1932349.992,-4425182.828,-5357246.123,754.982251,5572.25774,-4796.613338,7,20,20,1,0,2.2
244,Debris244,2030-11-14 08:00:00,2030-11-15 08:00:00,2030-11-14 08:00:00,60,-1869676.772,-1847306.737,-9300043.295,1375.790064,5636.320756,-1123.881921,7,20,20,1,0,2.2
245,Debris245,2030-11-14 08:00:00,2030-11-15 08:00:00,2030-11-14 08:00:00,60,-1865915.951,-7332967.02,581911.4749,-1215.123158,-685.418665,-7077.425772,7,20,20,1,0,2.2
246,Debris246,2030-11-14 08:00:00,2030-11-15 08:00:00,2030-11-14 08:00:00,60,-2111624.496,-7064145.039,-1600722.855,-621.084626,1499.78101,-7003.240442,7,20,20,1,0,2.2
247,Debris247,2030-11-14 08:00:00,2030-11-15 08:00:00,2030-11-14 08:00:00,60,-2036795.464,-6601983.899,-2551263.297,-348.631561,2581.338444,-6821.813653,7,20,20,1,0,2.2
248,Debris248,2030-11-14 08:00:00,2030-11-15 08:00:00,2030-11-14 08:00:00,60,-622070.4958,-5509755.736,4659882.872,-1916.905355,-4675.47522,-5456.023418,7,20,20,1,0,2.2
249,Debris249,2030-11-14 08:00:00,2030-11-15 08:00:00,2030-11-14 08:00:00,60,-1829874.769,-7024652.676,-905704.5479,-778.798015,1132.358717,-7161.269484,7,20,20,1,0,2.2
250,Debris250,2030-11-14 08:00:00,2030-11-15 08:00:00,2030-11-14 08:00:00,60,-1991953.142,-6763706.455,-1600935.624,-561.85059,1826.231348,-7126.886592,7,20,20,1,0,2.2
251,Debris251,2030-11-14 08:00:00,2030-11-15 08:00:00,2030-11-14 08:00:00,60,-1116000.862,-6328466.741,3352557.463,-1746.671307,-3200.068433,-6402.076984,7,20,20,1,0,2.2
252,Debris252,2030-11-14 08:00:00,2030-11-15 08:00:00,2030-11-14 08:00:00,60,975904.0424,6001636.573,-3630288.56,1817.236408,3529.523462,6376.343929,7,20,20,1,0,2.2
253,Debris253,2030-11-14 08:00:00,2030-11-15 08:00:00,2030-11-14 08:00:00,60,-1509990.843,-7147078.395,1897597.277,-1493.436084,-1952.504776,-6826.402946,7,20,20,1,0,2.2
254,Debris254,2030-11-14 08:00:00,2030-11-15 08:00:00,2030-11-14 08:00:00,60,-1992499.593,-4899727.904,-4971614.441,593.7578590000001,5191.396611,-5159.121162,7,20,20,1,0,2.2
255,Debris255,2030-11-14 08:00:00,2030-11-15 08:00:00,2030-11-14 08:00:00,60,-1406487.749,-2426713.294,-7386889.779,257.184558,6531.48358,-2224.841237,7,20,20,1,0,2.2
256,Debris256,2030-11-14 08:00:00,2030-11-15 08:00:00,2030-11-14 08:00:00,60,-1868338.602,-4508871.566,-5330340.18,632.652319,5562.624635,-4801.416251,7,20,20,1,0,2.2
257,Debris257,2030-11-14 08:00:00,2030-11-15 08:00:00,2030-11-14 08:00:00,60,499842.719,5059729.433,-4957064.773,1972.411884,4936.063659,5281.360478,7,20,20,1,0,2.2
258,Debris258,2030-11-14 08:00:00,2030-11-15 08:00:00,2030-11-14 08:00:00,60,-1811492.429,-4199469.152,-5831893.918,640.105528,5737.535756,-4385.337532,7,20,20,1,0,2.2
259,Debris259,2030-11-14 08:00:00,2030-11-15 08:00:00,2030-11-14 08:00:00,60,-972212.4993,-5949185.247,4217241.666,-1953.216896,-4176.575369,-5765.668399,7,20,20,1,0,2.2
260,Debris260,2030-11-14 08:00:00,2030-11-15 08:00:00,2030-11-14 08:00:00,60,-206219.8256,3956802.803,-8652039.810000001,1785.98497,4942.852526,3073.895222,7,20,20,1,0,2.2
261,Debris261,2030-11-14 08:00:00,2030-11-15 08:00:00,2030-11-14 08:00:00,60,40375.37666,-3375296.534,6255155.366,-2135.593163,-6383.512283,-3350.875445,7,20,20,1,0,2.2
262,Debris262,2030-11-14 08:00:00,2030-11-15 08:00:00,2030-11-14 08:00:00,60,-2055065.484,-6652616.144,-2593355.373,-326.873621,2620.011564,-6737.772369,7,20,20,1,0,2.2
263,Debris263,2030-11-14 08:00:00,2030-11-15 08:00:00,2030-11-14 08:00:00,60,-2035540.977,-5654316.23,-3969461.667,194.149106,4197.902408,-6096.187723,7,20,20,1,0,2.2
264,Debris264,2030-11-14 08:00:00,2030-11-15 08:00:00,2030-11-14 08:00:00,60,1213004.433,6304859.381,-2680253.079,1681.684895,2608.478276,6983.574321,7,20,20,1,0,2.2
265,Debris265,2030-11-14 08:00:00,2030-11-15 08:00:00,2030-11-14 08:00:00,60,-1976993.719,-5394132.1,-4375542.069,296.644655,4604.622391,-5764.012041,7,20,20,1,0,2.2
266,Debris266,2030-11-14 08:00:00,2030-11-15 08:00:00,2030-11-14 08:00:00,60,-1077989.786,-184730.4981,-7061089.688,1761.615776,7232.523383,-396.532776,7,20,20,1,0,2.2
267,Debris267,2030-11-14 08:00:00,2030-11-15 08:00:00,2030-11-14 08:00:00,60,-1667960.243,-6946879.15,884421.2524999999,-1239.970928,-697.318754,-7277.060632,7,20,20,1,0,2.2
268,Debris268,2030-11-14 08:00:00,2030-11-15 08:00:00,2030-11-14 08:00:00,60,1458718.35,6669968.377,-1691158.428,1444.781124,1511.82798,7264.002604,7,20,20,1,0,2.2
269,Debris269,2030-11-14 08:00:00,2030-11-15 08:00:00,2030-11-14 08:00:00,60,-1245389.267,-900527.2169,-6991181.301,1582.065184,7177.507303,-1169.259674,7,20,20,1,0,2.2
270,Debris270,2030-11-14 08:00:00,2030-11-15 08:00:00,2030-11-14 08:00:00,60,233925.6876,-2988991.373,6475664.084,-2032.388873,-6691.407383,-2847.695378,7,20,20,1,0,2.2
271,Debris271,2030-11-14 08:00:00,2030-11-15 08:00:00,2030-11-14 08:00:00,60,-891682.8235000001,709055.618,-7272477.173,1823.385163,7038.723563,560.859515,7,20,20,1,0,2.2
272,Debris272,2030-11-14 08:00:00,2030-11-15 08:00:00,2030-11-14 08:00:00,60,-215287.0297,-4080435.397,5907683.421,-2155.6099,-5982.531945,-3977.365604,7,20,20,1,0,2.2
273,Debris273,2030-11-14 08:00:00,2030-11-15 08:00:00,2030-11-14 08:00:00,60,-1361430.577,-1389388.797,-6874568.347,1627.027505,7109.014339,-1552.924809,7,20,20,1,0,2.2
274,Debris274,2030-11-14 08:00:00,2030-11-15 08:00:00,2030-11-14 08:00:00,60,1915998.247,5275337.489,4095698.304,-226.086532,-4550.47886,6209.346088,7,20,20,1,0,2.2
275,Debris275,2030-11-14 08:00:00,2030-11-15 08:00:00,2030-11-14 08:00:00,60,-636555.8809,1430874.158,-6955261.568,2037.941083,7063.503528,1318.905062,7,20,20,1,0,2.2
276,Debris276,2030-11-14 08:00:00,2030-11-15 08:00:00,2030-11-14 08:00:00,60,-587877.1934,-5154749.128,5015119.605,-2013.532221,-4943.273712,-5130.490922,7,20,20,1,0,2.2
277,Debris277,2030-11-14 08:00:00,2030-11-15 08:00:00,2030-11-14 08:00:00,60,603849.3807,5077049.188,-4834520.057,2038.869022,4844.52168,5435.189782,7,20,20,1,0,2.2
278,Debris278,2030-11-14 08:00:00,2030-11-15 08:00:00,2030-11-14 08:00:00,60,1632499.644,2712650.672,6295528.045,-1279.186455,-6728.531432,3411.37945,7,20,20,1,0,2.2
279,Debris279,2030-11-14 08:00:00,2030-11-15 08:00:00,2030-11-14 08:00:00,60,-2005225.981,-6029994.369,-3345178.361,-51.346348,3578.22387,-6508.083374,7,20,20,1,0,2.2
280,Debris280,2030-11-14 08:00:00,2030-11-15 08:00:00,2030-11-14 08:00:00,60,1674944.094,6789715.457,-684459.7167,1189.771967,363.372122,7522.15083,7,20,20,1,0,2.2
281,Debris281,2030-11-14 08:00:00,2030-11-15 08:00:00,2030-11-14 08:00:00,60,-154148.8136,3009884.318,-6408615.991,2133.505853,6508.247292,3096.511605,7,20,20,1,0,2.2
282,Debris282,2030-11-14 08:00:00,2030-11-15 08:00:00,2030-11-14 08:00:00,60,148384.6147,3953110.767,-5901794.925,2105.310699,5925.210627,4071.028635,7,20,20,1,0,2.2
283,Debris283,2030-11-14 08:00:00,2030-11-15 08:00:00,2030-11-14 08:00:00,60,-789441.1564,-5561188.476,4416075.555,-1964.036796,-4381.765674,-5730.311415,7,20,20,1,0,2.2
284,Debris284,2030-11-14 08:00:00,2030-11-15 08:00:00,2030-11-14 08:00:00,60,-1517491.156,-7006298.201,607755.198,-1183.40888,-444.463258,-7310.549123,7,20,20,1,0,2.2
285,Debris285,2030-11-14 08:00:00,2030-11-15 08:00:00,2030-11-14 08:00:00,60,1977307.079,6481389.214,1918680.633,442.416269,-2323.990378,7226.700704,7,20,20,1,0,2.2
286,Debris286,2030-11-14 08:00:00,2030-11-15 08:00:00,2030-11-14 08:00:00,60,-693088.7248,3004603.21,-6657861.421,1236.249682,6577.392745,2949.72721,7,20,20,1,0,2.2
287,Debris287,2030-11-14 08:00:00,2030-11-15 08:00:00,2030-11-14 08:00:00,60,-802829.3223999999,938420.5804,-7199483.903,1968.810869,7021.432668,911.124243,7,20,20,1,0,2.2
288,Debris288,2030-11-14 08:00:00,2030-11-15 08:00:00,2030-11-14 08:00:00,60,1318876.899,1380778.218,6815995.802,-1333.649918,-7290.23847,1757.136585,7,20,20,1,0,2.2
289,Debris289,2030-11-14 08:00:00,2030-11-15 08:00:00,2030-11-14 08:00:00,60,-1814692.794,-6932708.127,-335632.7471,-937.593827,535.400837,-7360.149555,7,20,20,1,0,2.2
290,Debris290,2030-11-14 08:00:00,2030-11-15 08:00:00,2030-11-14 08:00:00,60,-1953357.477,-3991922.925,-6216814.559,906.174026,5725.95937,-4076.027248,7,20,20,1,0,2.2
291,Debris291,2030-11-14 08:00:00,2030-11-15 08:00:00,2030-11-14 08:00:00,60,1387001.905,1596007.172,6755023.238,-1392.492946,-7014.299483,2443.933715,7,20,20,1,0,2.2
292,Debris292,2030-11-14 08:00:00,2030-11-15 08:00:00,2030-11-14 08:00:00,60,-2007729.94,-5164145.5,-4578291.997,428.185417,4804.189183,-5636.635502,7,20,20,1,0,2.2
293,Debris293,2030-11-14 08:00:00,2030-11-15 08:00:00,2030-11-14 08:00:00,60,1882006.563,7099886.936,-99465.53184,919.12524,-601.412581,7397.606785,7,20,20,1,0,2.2
294,Debris294,2030-11-14 08:00:00,2030-11-15 08:00:00,2030-11-14 08:00:00,60,-1912077.769,-6898847.519,-1148756.04,-704.224777,1371.026673,-7195.160264,7,20,20,1,0,2.2
295,Debris295,2030-11-14 08:00:00,2030-11-15 08:00:00,2030-11-14 08:00:00,60,1149819.079,6166906.945,-3168112.205,1765.076273,2967.588283,6799.958508,7,20,20,1,0,2.2
296,Debris296,2030-11-14 08:00:00,2030-11-15 08:00:00,2030-11-14 08:00:00,60,435202.2073,-2148003.155,6755798.285,-2073.30225,-6952.431352,-2004.171984,7,20,20,1,0,2.2
297,Debris297,2030-11-14 08:00:00,2030-11-15 08:00:00,2030-11-14 08:00:00,60,148489.0434,4390458.916,-5820232.621,1933.07406,5564.124482,4408.176565,7,20,20,1,0,2.2
298,Debris298,2030-11-14 08:00:00,2030-11-15 08:00:00,2030-11-14 08:00:00,60,25483.58644,-3382291.622,6275726.03,-2152.28541,-6369.399422,-3316.686042,7,20,20,1,0,2.2
299,Debris299,2030-11-14 08:00:00,2030-11-15 08:00:00,2030-11-14 08:00:00,60,668853.0152,5282360.374,-4683182.494,1994.049448,4629.936879,5557.305548,7,20,20,1,0,2.2
300,Debris300,2030-11-14 08:00:00,2030-11-15 08:00:00,2030-11-14 08:00:00,60,-1696054.389,-2329646.243,-7941183.954,1030.733966,6166.24426,-1979.355781,7,20,20,1,0,2.2
301,Debris301,2030-11-14 08:00:00,2030-11-15 08:00:00,2030-11-14 08:00:00,60,-729872.7023,-5658937.132,4345015.421,-1890.737422,-4310.496633,-5772.264499,7,20,20,1,0,2.2
302,Debris302,2030-11-14 08:00:00,2030-11-15 08:00:00,2030-11-14 08:00:00,60,-386836.1653,2614945.732,-7027484.258,1967.804176,6450.238012,2539.586387,7,20,20,1,0,2.2
303,Debris303,2030-11-14 08:00:00,2030-11-15 08:00:00,2030-11-14 08:00:00,60,-214402.3997,-4133906.625,5836065.74,-2132.595583,-5951.063369,-4089.95546,7,20,20,1,0,2.2
304,Debris304,2030-11-14 08:00:00,2030-11-15 08:00:00,2030-11-14 08:00:00,60,-1882843.656,-5936517.094,-3602169.028,-66.272576,3838.73398,-6341.10365,7,20,20,1,0,2.2
305,Debris305,2030-11-14 08:00:00,2030-11-15 08:00:00,2030-11-14 08:00:00,60,113961.0129,3913389.989,-5933551.256,2082.259968,5963.753817,4019.039515,7,20,20,1,0,2.2
306,Debris306,2030-11-14 08:00:00,2030-11-15 08:00:00,2030-11-14 08:00:00,60,-1129098.465,-350402.2896,-7114140.419,1806.880991,7220.795502,-89.332486,7,20,20,1,0,2.2
307,Debris307,2030-11-14 08:00:00,2030-11-15 08:00:00,2030-11-14 08:00:00,60,1368499.348,7023713.482,-3446420.107,1524.972124,2119.423385,6549.178292,7,20,20,1,0,2.2
308,Debris308,2030-11-14 08:00:00,2030-11-15 08:00:00,2030-11-14 08:00:00,60,-1337346.235,-1346098.831,-6899633.42,1479.520922,7126.023766,-1567.622586,7,20,20,1,0,2.2
309,Debris309,2030-11-14 08:00:00,2030-11-15 08:00:00,2030-11-14 08:00:00,60,-303866.3163,2600769.939,-6582884.889,2083.736579,6713.963977,2654.32177,7,20,20,1,0,2.2
310,Debris310,2030-11-14 08:00:00,2030-11-15 08:00:00,2030-11-14 08:00:00,60,1760148.006,6916554.401,-138654.8055,1024.210746,-232.761312,7432.704475,7,20,20,1,0,2.2
311,Debris311,2030-11-14 08:00:00,2030-11-15 08:00:00,2030-11-14 08:00:00,60,-634313.0009,1476025.125,-6941665.395,2007.512103,7065.40306,1378.748522,7,20,20,1,0,2.2
312,Debris312,2030-11-14 08:00:00,2030-11-15 08:00:00,2030-11-14 08:00:00,60,-1992472.891,-7777525.273,995771.245,-1336.042315,-1301.915302,-6699.211206,7,20,20,1,0,2.2
313,Debris313,2030-11-14 08:00:00,2030-11-15 08:00:00,2030-11-14 08:00:00,60,1434787.144,1727931.111,6668356.357,-1463.14966,-7169.627242,2976.18695,7,20,20,1,0,2.2
314,Debris314,2030-11-14 08:00:00,2030-11-15 08:00:00,2030-11-14 08:00:00,60,-1898093.461,-4850997.202,-4967115.497,480.33931,5201.003006,-5252.107051,7,20,20,1,0,2.2
315,Debris315,2030-11-14 08:00:00,2030-11-15 08:00:00,2030-11-14 08:00:00,60,-1622026.696,-6990973.091,377511.3638,-1127.634287,-201.235341,-7338.043348,7,20,20,1,0,2.2
316,Debris316,2030-11-14 08:00:00,2030-11-15 08:00:00,2030-11-14 08:00:00,60,-1741198.147,-7282453.534,702862.8994,-1213.581195,-692.926816,-7078.930782,7,20,20,1,0,2.2
317,Debris317,2030-11-14 08:00:00,2030-11-15 08:00:00,2030-11-14 08:00:00,60,-1833669.247,-6864740.835,-1177482.473,-727.958024,1388.317063,-7240.631789,7,20,20,1,0,2.2
318,Debris318,2030-11-14 08:00:00,2030-11-15 08:00:00,2030-11-14 08:00:00,60,-1927546.072,-7391349.027,-518674.2678,-956.919021,336.2682,-7075.577308,7,20,20,1,0,2.2
319,Debris319,2030-11-14 08:00:00,2030-11-15 08:00:00,2030-11-14 08:00:00,60,1938561.88,5157722.008,4406333.96,-362.762674,-4845.846316,5826.857327,7,20,20,1,0,2.2
320,Debris320,2030-11-14 08:00:00,2030-11-15 08:00:00,2030-11-14 08:00:00,60,1035814.278,5887171.97,-3482216.582,1859.444193,3300.763921,6820.03458,7,20,20,1,0,2.2
321,Debris321,2030-11-14 08:00:00,2030-11-15 08:00:00,2030-11-14 08:00:00,60,-428776.2355,2141166.682,-6785413.247,2089.301488,6864.278831,2075.524976,7,20,20,1,0,2.2
322,Debris322,2030-11-14 08:00:00,2030-11-15 08:00:00,2030-11-14 08:00:00,60,-713661.2294,1270415.919,-6982128.045,1909.193659,7125.338313,1150.903869,7,20,20,1,0,2.2
323,Debris323,2030-11-14 08:00:00,2030-11-15 08:00:00,2030-11-14 08:00:00,60,1551408.159,2512327.347,6438915.57,-1249.675648,-7215.694999,2996.915991,7,20,20,1,0,2.2
324,Debris324,2030-11-14 08:00:00,2030-11-15 08:00:00,2030-11-14 08:00:00,60,-27037.39285,-3916752.635,5986676.727,-1984.774593,-6083.373461,-3853.924613,7,20,20,1,0,2.2
325,Debris325,2030-11-14 08:00:00,2030-11-15 08:00:00,2030-11-14 08:00:00,60,2036592.594,6445671.696,2371701.233,265.752726,-2858.960895,6968.733659,7,20,20,1,0,2.2
326,Debris326,2030-11-14 08:00:00,2030-11-15 08:00:00,2030-11-14 08:00:00,60,-1927166.684,-4925955.444,-4879431.747,474.357325,5110.517522,-5342.909708,7,20,20,1,0,2.2
327,Debris327,2030-11-14 08:00:00,2030-11-15 08:00:00,2030-11-14 08:00:00,60,-616990.2831999999,1614528.16,-6921373.795,1953.653839,7044.06645,1508.849053,7,20,20,1,0,2.2
328,Debris328,2030-11-14 08:00:00,2030-11-15 08:00:00,2030-11-14 08:00:00,60,-1886805.591,-3893320.297,-6022010.57,923.313944,5885.692536,-4123.683876,7,20,20,1,0,2.2
329,Debris329,2030-11-14 08:00:00,2030-11-15 08:00:00,2030-11-14 08:00:00,60,1784343.19,6732100.5,844701.8206,812.318787,-1126.026683,7446.863987,7,20,20,1,0,2.2
330,Debris330,2030-11-14 08:00:00,2030-11-15 08:00:00,2030-11-14 08:00:00,60,-860585.8608,997362.4589,-7509517.279,1859.304923,6799.651376,1243.44747,7,20,20,1,0,2.2
331,Debris331,2030-11-14 08:00:00,2030-11-15 08:00:00,2030-11-14 08:00:00,60,860270.9347,5819723.261,-4186001.261,1868.111135,3889.227452,6045.802648,7,20,20,1,0,2.2
332,Debris332,2030-11-14 08:00:00,2030-11-15 08:00:00,2030-11-14 08:00:00,60,-1486856.507,-1976498.656,-6728938.687,1440.019871,6923.656719,-2286.009466,7,20,20,1,0,2.2
333,Debris333,2030-11-14 08:00:00,2030-11-15 08:00:00,2030-11-14 08:00:00,60,-1707021.414,-7001964.177,-130644.2481,-999.066331,324.631335,-7328.787113,7,20,20,1,0,2.2
334,Debris334,2030-11-14 08:00:00,2030-11-15 08:00:00,2030-11-14 08:00:00,60,1064290.644,6766362.548,-3428376.763,1559.66119,2525.312466,6537.847257,7,20,20,1,0,2.2
335,Debris335,2030-11-14 08:00:00,2030-11-15 08:00:00,2030-11-14 08:00:00,60,-76941.97706999999,3973469.017,-8083776.204,1887.504152,5127.959757,3161.885344,7,20,20,1,0,2.2
336,Debris336,2030-11-14 08:00:00,2030-11-15 08:00:00,2030-11-14 08:00:00,60,-138358.14,3375973.765,-6936437.476,2018.819875,5971.484493,3200.117089,7,20,20,1,0,2.2
337,Debris337,2030-11-14 08:00:00,2030-11-15 08:00:00,2030-11-14 08:00:00,60,-2852774.621,-2589466.241,-14275210.63,1122.000369,4047.467799,-340.770057,7,20,20,1,0,2.2
338,Debris338,2030-11-14 08:00:00,2030-11-15 08:00:00,2030-11-14 08:00:00,60,-1438423.533,-6701976.388,2055328.312,-1522.963875,-1916.918402,-7047.903178,7,20,20,1,0,2.2
339,Debris339,2030-11-14 08:00:00,2030-11-15 08:00:00,2030-11-14 08:00:00,60,-256425.4119,2775936.315,-6552621.91,2076.065807,6626.379191,2769.582542,7,20,20,1,0,2.2
340,Debris340,2030-11-14 08:00:00,2030-11-15 08:00:00,2030-11-14 08:00:00,60,-459162.9121,-4947951.565,5517977.55,-2065.512347,-5502.317547,-4462.377777,7,20,20,1,0,2.2
341,Debris341,2030-11-14 08:00:00,2030-11-15 08:00:00,2030-11-14 08:00:00,60,-2122708.427,-7195575.105,-1619037.544,-602.418457,1525.71332,-6869.537304,7,20,20,1,0,2.2
342,Debris342,2030-11-14 08:00:00,2030-11-15 08:00:00,2030-11-14 08:00:00,60,-810582.3888,-5615190.455,4445836.063,-1955.215378,-4351.908048,-5670.802351,7,20,20,1,0,2.2
343,Debris343,2030-11-14 08:00:00,2030-11-15 08:00:00,2030-11-14 08:00:00,60,1904618.816,6645535.718,1356524.217,626.8998759999999,-1747.029624,7372.409039,7,20,20,1,0,2.2
344,Debris344,2030-11-14 08:00:00,2030-11-15 08:00:00,2030-11-14 08:00:00,60,1404129.215,1627990.427,6741947.497,-1531.414287,-7214.922977,2136.712796,7,20,20,1,0,2.2
345,Debris345,2030-11-14 08:00:00,2030-11-15 08:00:00,2030-11-14 08:00:00,60,-845043.4981,839063.8683,-7252378.973,1897.166054,7017.28521,713.269258,7,20,20,1,0,2.2
